duration,protocol_type,service,flag,src_bytes,dst_bytes,label
694,tcp,http,SF,49395,77303,normal
745,tcp,dns,S0,55678,75362,normal
496,icmp,dns,S0,99498,73503,normal
543,udp,http,REJ,94593,42951,normal
301,icmp,dns,REJ,35268,52423,anomaly
237,tcp,dns,S0,32913,63165,anomaly
287,udp,dns,S0,10405,3287,normal
240,udp,dns,REJ,31774,3839,anomaly
636,icmp,smtp,SF,89876,18122,normal
795,udp,smtp,S0,73085,46241,normal
841,tcp,ftp,SF,21892,66345,normal
636,udp,http,SF,85538,79590,normal
123,icmp,smtp,S0,65880,53707,normal
577,tcp,smtp,REJ,2561,62055,normal
238,udp,ftp,S0,61863,30666,normal
462,udp,http,REJ,46955,72836,normal
351,tcp,dns,S0,71502,67412,normal
94,icmp,ftp,S0,9909,18183,normal
876,udp,ftp,SF,12138,98730,normal
666,tcp,dns,SF,54118,15591,normal
851,tcp,ftp,REJ,24408,73885,normal
599,icmp,dns,SF,13421,26714,anomaly
177,udp,ftp,REJ,3904,17684,normal
645,tcp,ftp,S0,35730,97178,normal
445,icmp,dns,REJ,78695,23820,normal
290,udp,smtp,S0,97518,87462,normal
361,tcp,ftp,S0,47796,27210,normal
994,udp,http,REJ,99746,30573,normal
653,tcp,http,S0,1865,82596,normal
399,icmp,http,S0,7612,54488,normal
455,tcp,dns,S0,9392,23984,normal
18,icmp,smtp,SF,44459,31120,anomaly
851,udp,dns,SF,50662,57567,normal
872,tcp,http,SF,55576,15029,normal
887,icmp,http,REJ,12137,94053,normal
408,tcp,ftp,S0,81815,51192,normal
5,udp,smtp,SF,32162,81061,normal
77,tcp,smtp,S0,1678,29436,normal
593,icmp,http,REJ,79972,22892,normal
477,icmp,http,S0,53222,79976,normal
343,udp,dns,S0,97900,78506,normal
264,tcp,ftp,SF,30998,72805,normal
742,tcp,dns,SF,2086,28962,anomaly
324,tcp,http,S0,90160,70925,normal
813,tcp,smtp,S0,74346,54116,normal
836,udp,smtp,S0,29093,75787,anomaly
26,icmp,ftp,REJ,6099,75492,normal
750,icmp,http,REJ,43575,62180,normal
781,tcp,ftp,S0,81276,10482,normal
111,icmp,smtp,SF,55938,74282,normal
85,tcp,smtp,SF,36515,15458,normal
597,udp,smtp,S0,78128,49376,normal
260,udp,dns,SF,71606,13442,normal
436,udp,http,SF,10328,85548,normal
478,icmp,http,SF,98032,48733,normal
719,tcp,http,S0,23549,67686,normal
973,icmp,ftp,REJ,53358,19151,normal
501,icmp,dns,S0,94671,2123,normal
990,icmp,http,SF,23551,9686,normal
744,icmp,http,S0,80646,71253,normal
197,icmp,dns,REJ,97239,78472,anomaly
950,icmp,smtp,REJ,85376,16556,normal
18,tcp,dns,S0,58455,35591,normal
519,icmp,http,SF,63666,93057,anomaly
439,icmp,ftp,REJ,62342,99220,normal
965,udp,dns,REJ,43016,90687,normal
982,icmp,ftp,REJ,32666,94877,normal
934,udp,http,REJ,43441,58008,anomaly
574,icmp,smtp,REJ,2898,52949,normal
310,icmp,http,SF,13704,33304,anomaly
367,icmp,ftp,S0,46144,2681,normal
62,tcp,smtp,REJ,36350,70516,normal
255,udp,dns,REJ,20514,32903,normal
158,icmp,smtp,SF,72975,4767,normal
428,icmp,ftp,S0,47580,66281,normal
397,udp,ftp,S0,35985,98977,normal
429,icmp,http,REJ,79803,63110,normal
997,udp,ftp,SF,69445,96487,normal
346,icmp,ftp,SF,4028,11194,normal
216,udp,ftp,REJ,93221,31558,normal
647,icmp,smtp,REJ,60813,26737,anomaly
667,udp,smtp,S0,46003,34007,normal
175,tcp,smtp,REJ,51922,2421,normal
108,icmp,http,REJ,27511,22065,normal
776,udp,ftp,SF,63078,60637,normal
236,udp,http,SF,27669,45859,normal
379,udp,ftp,S0,67711,14804,normal
520,tcp,http,REJ,3977,28503,normal
148,icmp,dns,REJ,27493,91212,anomaly
411,icmp,http,S0,35605,76922,normal
586,icmp,http,SF,5634,6000,normal
38,udp,dns,S0,17418,91030,normal
173,icmp,dns,REJ,79575,88093,normal
213,udp,dns,REJ,18085,33438,normal
490,icmp,smtp,SF,50568,28589,normal
143,icmp,smtp,S0,89669,52263,anomaly
428,tcp,smtp,REJ,42612,49635,normal
315,tcp,dns,SF,37003,94639,normal
222,icmp,smtp,S0,24489,32141,normal
330,udp,ftp,REJ,17860,30549,normal
141,tcp,smtp,REJ,80361,93341,normal
29,udp,ftp,REJ,18780,75494,normal
509,tcp,dns,S0,79524,36196,normal
877,icmp,ftp,REJ,93437,32733,normal
701,udp,ftp,SF,51301,39638,normal
966,icmp,http,REJ,18629,77590,normal
330,tcp,http,SF,51303,3064,normal
256,icmp,smtp,REJ,35646,26724,normal
308,icmp,smtp,SF,25030,15523,normal
812,udp,ftp,SF,83964,73496,normal
40,udp,http,SF,51262,33849,normal
958,tcp,dns,S0,5016,3497,normal
632,tcp,smtp,S0,6210,71967,normal
937,udp,http,S0,30075,70929,normal
596,udp,ftp,S0,87442,50477,normal
541,udp,smtp,S0,65007,35228,normal
399,tcp,ftp,SF,23062,2446,normal
63,tcp,dns,REJ,65395,16856,normal
990,icmp,http,SF,73830,53323,normal
679,udp,dns,SF,15706,29705,normal
320,udp,smtp,SF,29817,60903,normal
616,tcp,smtp,S0,75665,1505,normal
202,icmp,dns,SF,72813,12722,normal
271,udp,smtp,REJ,51067,94126,normal
767,tcp,ftp,REJ,38696,73221,normal
592,icmp,smtp,SF,92232,43058,normal
616,tcp,ftp,S0,35614,98751,normal
987,udp,ftp,REJ,97994,77017,normal
965,tcp,ftp,S0,2246,95139,normal
360,udp,smtp,SF,3489,44809,normal
266,icmp,ftp,S0,91472,80987,normal
214,tcp,dns,REJ,2658,7120,anomaly
332,tcp,ftp,SF,18312,60749,normal
583,udp,smtp,REJ,57726,13721,normal
524,tcp,smtp,REJ,81995,81824,normal
242,udp,dns,SF,89654,49386,normal
765,icmp,ftp,S0,42508,9063,normal
190,icmp,dns,S0,3383,94378,normal
74,udp,smtp,REJ,56988,99541,normal
321,tcp,smtp,S0,66808,56424,normal
75,icmp,ftp,REJ,93899,2849,normal
789,tcp,http,REJ,69174,86527,normal
662,icmp,smtp,SF,21379,7989,normal
187,tcp,dns,SF,90390,32346,normal
354,udp,http,REJ,77894,65645,normal
825,icmp,dns,REJ,66629,71433,normal
706,tcp,dns,SF,69569,14060,normal
345,tcp,smtp,SF,79359,38030,normal
886,udp,ftp,S0,98951,48224,normal
681,udp,smtp,REJ,25829,31222,normal
928,udp,dns,REJ,14765,48824,normal
29,tcp,smtp,S0,90932,46646,normal
651,tcp,http,REJ,26459,70430,normal
356,udp,http,SF,22225,27969,normal
698,tcp,http,S0,26699,70988,normal
532,tcp,smtp,REJ,87328,37111,normal
528,icmp,dns,S0,95481,55668,normal
213,tcp,dns,REJ,46549,31616,anomaly
749,icmp,dns,S0,81855,26792,normal
751,icmp,ftp,REJ,48484,23337,normal
343,icmp,http,SF,30324,91915,normal
857,tcp,ftp,S0,5472,33883,normal
399,icmp,ftp,S0,2196,81943,normal
605,icmp,http,S0,90090,4572,normal
693,icmp,ftp,S0,91560,16213,normal
377,udp,smtp,S0,74861,32478,normal
788,tcp,http,REJ,70446,32780,normal
350,icmp,http,SF,91038,94093,normal
796,udp,http,SF,20236,36432,normal
924,tcp,dns,REJ,35432,24395,normal
30,icmp,smtp,SF,67024,30084,anomaly
991,icmp,dns,SF,64905,42692,normal
521,icmp,http,S0,44179,25113,normal
575,udp,dns,SF,451,30908,normal
8,tcp,ftp,SF,82871,20981,normal
710,tcp,ftp,S0,49834,31349,normal
622,icmp,http,S0,42518,76236,normal
452,udp,dns,REJ,30709,2573,normal
432,icmp,http,SF,30697,93637,anomaly
189,udp,ftp,S0,38227,85352,normal
600,icmp,dns,REJ,49508,31066,normal
271,tcp,http,SF,22314,5723,normal
797,icmp,smtp,REJ,96992,38043,normal
61,udp,ftp,S0,21576,78695,normal
790,tcp,ftp,REJ,7008,65956,normal
643,tcp,ftp,S0,1416,92066,normal
190,icmp,http,REJ,71786,63820,normal
837,tcp,smtp,SF,84975,96113,normal
394,tcp,http,SF,68045,65933,anomaly
33,icmp,dns,REJ,84413,22247,normal
81,udp,dns,S0,54436,127,normal
827,icmp,ftp,S0,9676,72568,normal
979,tcp,smtp,S0,62699,77553,normal
411,udp,http,S0,2725,17715,normal
751,icmp,smtp,SF,63214,87050,normal
711,icmp,ftp,SF,87685,10367,normal
177,tcp,smtp,REJ,61598,552,normal
505,tcp,dns,S0,7072,41050,anomaly
718,tcp,smtp,SF,53210,80532,normal
703,tcp,http,S0,86629,88831,normal
789,icmp,smtp,SF,9810,5588,normal
17,tcp,smtp,REJ,82148,41415,normal
198,udp,ftp,S0,81573,67141,anomaly
659,icmp,ftp,REJ,74260,96549,normal
393,tcp,ftp,SF,21399,42646,anomaly
438,icmp,ftp,S0,72867,73127,normal
508,tcp,ftp,REJ,26030,91632,normal
992,udp,http,SF,23034,3316,normal
52,icmp,http,SF,29943,75458,normal
384,udp,dns,S0,85497,53603,normal
2,udp,dns,S0,42114,45394,normal
204,icmp,dns,REJ,13193,54576,normal
956,udp,dns,REJ,85512,51127,normal
584,udp,http,S0,3885,59689,normal
330,icmp,smtp,SF,25799,56132,normal
357,icmp,dns,REJ,252,54857,normal
686,icmp,ftp,S0,30830,90747,anomaly
603,tcp,ftp,S0,77048,25557,normal
158,udp,dns,REJ,92948,45065,normal
433,icmp,ftp,S0,97371,95254,normal
605,udp,ftp,SF,95162,63980,anomaly
240,udp,ftp,REJ,64368,59686,normal
220,udp,ftp,S0,1821,29825,anomaly
166,udp,http,SF,94088,17682,normal
625,icmp,smtp,REJ,47583,63931,normal
762,udp,smtp,SF,74434,88761,normal
734,tcp,dns,REJ,96841,12685,normal
55,tcp,ftp,S0,30046,21191,normal
865,tcp,smtp,S0,39848,43005,normal
749,tcp,smtp,REJ,55090,40659,normal
212,udp,smtp,SF,96787,38484,normal
237,icmp,ftp,REJ,63876,34622,normal
343,udp,dns,REJ,24619,69146,normal
538,icmp,ftp,REJ,62525,14256,normal
589,icmp,dns,REJ,97976,21538,normal
211,tcp,smtp,REJ,18328,12016,normal
264,tcp,http,REJ,68829,11256,normal
41,icmp,dns,SF,20977,42845,normal
182,udp,http,REJ,63641,35222,normal
125,icmp,smtp,S0,56211,6,normal
419,udp,ftp,S0,69821,82239,normal
927,tcp,ftp,S0,39051,18637,normal
617,icmp,http,REJ,88014,62102,normal
365,tcp,smtp,REJ,62764,58535,normal
481,tcp,http,REJ,48840,88243,anomaly
629,tcp,dns,S0,81308,20845,normal
590,icmp,smtp,S0,53852,20200,normal
112,icmp,dns,SF,87148,71828,normal
316,icmp,dns,S0,42487,73237,normal
110,icmp,smtp,SF,770,83048,normal
163,udp,ftp,S0,43108,56933,normal
495,udp,ftp,S0,86097,40784,normal
517,tcp,http,S0,34211,81847,normal
351,icmp,http,SF,77475,68058,normal
95,icmp,ftp,S0,50018,56338,normal
290,icmp,http,S0,88860,22611,normal
243,icmp,dns,S0,39604,26052,normal
438,tcp,smtp,REJ,87278,50614,normal
505,tcp,http,REJ,99671,73940,anomaly
583,icmp,dns,REJ,15047,4867,normal
187,tcp,smtp,SF,95306,72997,normal
326,udp,smtp,SF,65300,35343,normal
251,icmp,dns,SF,82466,38509,normal
924,udp,ftp,S0,85908,47058,normal
212,tcp,http,REJ,85569,92222,normal
579,icmp,dns,SF,96006,52771,normal
187,tcp,http,REJ,70273,6788,normal
717,tcp,ftp,S0,35538,32687,normal
932,icmp,ftp,REJ,79062,96187,normal
825,tcp,smtp,SF,64126,73730,normal
781,icmp,smtp,S0,11746,84654,normal
629,udp,smtp,SF,30354,4098,normal
758,udp,dns,REJ,50247,5833,normal
737,icmp,http,REJ,3132,42487,normal
910,tcp,ftp,SF,53689,43540,normal
27,udp,ftp,REJ,27687,24080,normal
876,udp,dns,SF,61496,50807,normal
236,icmp,http,S0,5918,34340,normal
772,tcp,ftp,REJ,72581,24525,normal
595,udp,http,SF,56470,59547,normal
38,udp,dns,SF,98871,10204,normal
837,icmp,smtp,SF,85008,92226,normal
736,tcp,dns,S0,2231,9437,normal
627,udp,ftp,REJ,43227,97687,normal
7,tcp,dns,SF,90558,40084,normal
705,tcp,dns,SF,80955,98230,normal
247,tcp,http,SF,4551,33239,normal
580,udp,dns,SF,86849,4028,normal
265,icmp,smtp,REJ,30224,96776,normal
817,udp,http,S0,48866,50850,normal
175,tcp,ftp,SF,85703,98095,normal
303,udp,smtp,SF,12991,89346,anomaly
965,udp,smtp,SF,368,85303,normal
947,tcp,ftp,SF,86745,27062,normal
223,icmp,dns,S0,64237,29869,normal
223,icmp,ftp,REJ,54654,37364,normal
942,tcp,smtp,S0,85723,96562,normal
942,tcp,dns,SF,14631,48934,normal
397,udp,http,SF,67967,40401,normal
97,udp,ftp,REJ,12789,44008,normal
649,udp,http,S0,88347,56524,normal
970,udp,smtp,SF,62444,11074,normal
144,tcp,smtp,REJ,49856,97697,normal
388,udp,dns,SF,57288,20051,normal
282,udp,ftp,REJ,86757,39210,normal
735,tcp,http,SF,1901,89743,normal
216,tcp,smtp,REJ,37956,53303,normal
652,tcp,dns,REJ,96191,9782,normal
767,tcp,ftp,SF,71408,7229,normal
514,udp,ftp,REJ,91290,73754,normal
738,icmp,ftp,SF,62097,7479,normal
832,udp,dns,SF,66795,59252,normal
238,tcp,http,REJ,8757,63751,normal
477,icmp,dns,SF,10561,78638,normal
316,udp,http,S0,13925,89174,normal
790,udp,http,S0,88243,3187,normal
329,udp,dns,REJ,30862,62139,anomaly
315,icmp,dns,SF,33030,60042,normal
143,icmp,ftp,SF,99230,11246,normal
900,udp,smtp,S0,18764,16088,normal
206,tcp,dns,REJ,59450,8584,normal
849,tcp,http,S0,36377,41425,normal
396,udp,http,SF,40407,44170,normal
935,tcp,http,SF,26674,7141,normal
516,udp,dns,REJ,15679,6756,normal
776,icmp,smtp,SF,54959,52097,normal
855,udp,http,REJ,53732,33545,normal
148,udp,dns,S0,85412,41742,normal
312,udp,smtp,SF,70355,24019,normal
892,tcp,ftp,SF,13217,42081,normal
927,icmp,http,SF,80098,98966,normal
777,udp,smtp,SF,47692,76472,normal
358,tcp,http,S0,74601,36952,normal
489,tcp,ftp,S0,21827,29511,normal
228,udp,http,S0,66223,42198,normal
252,icmp,ftp,S0,79959,60268,normal
90,tcp,dns,SF,77535,99672,normal
277,icmp,smtp,REJ,31415,38635,normal
863,icmp,ftp,REJ,18996,2701,normal
281,udp,ftp,SF,78242,94877,normal
555,udp,ftp,REJ,73518,76550,normal
614,tcp,smtp,SF,14495,38141,normal
200,tcp,http,S0,79846,54164,normal
363,udp,ftp,S0,107,76108,normal
627,udp,ftp,REJ,79645,66209,normal
850,udp,ftp,REJ,28346,8187,normal
519,tcp,ftp,SF,7098,98496,normal
808,icmp,smtp,SF,16121,8277,normal
29,icmp,ftp,SF,68255,54591,normal
972,udp,smtp,REJ,11376,13103,normal
159,udp,ftp,SF,22398,64260,normal
512,icmp,ftp,S0,74357,81626,normal
895,tcp,smtp,REJ,43170,12197,normal
731,icmp,http,S0,87280,13234,normal
338,udp,dns,REJ,4417,39203,normal
721,tcp,smtp,SF,99153,68539,normal
120,icmp,smtp,SF,30315,6236,normal
563,udp,http,REJ,53743,2924,normal
143,udp,dns,REJ,47810,14317,normal
526,udp,http,SF,59503,89642,normal
287,icmp,smtp,SF,98806,23891,normal
540,icmp,dns,REJ,32785,42685,normal
879,tcp,ftp,SF,46657,69217,normal
735,icmp,dns,S0,93807,70761,normal
484,udp,ftp,SF,89365,93012,normal
354,tcp,http,REJ,61576,57146,anomaly
585,icmp,ftp,REJ,27735,23372,anomaly
594,tcp,dns,SF,96233,37465,normal
623,icmp,dns,SF,53641,59886,normal
606,tcp,dns,REJ,43770,61166,normal
200,icmp,http,REJ,57377,85746,normal
310,udp,http,REJ,88058,81147,normal
683,udp,smtp,REJ,69658,96969,normal
409,udp,smtp,S0,26778,611,normal
824,tcp,smtp,S0,20403,71335,normal
497,icmp,dns,S0,51028,48895,normal
15,tcp,ftp,SF,29531,6019,normal
894,tcp,dns,REJ,53092,38193,normal
603,tcp,ftp,REJ,69917,75310,normal
329,icmp,http,SF,89886,73301,normal
259,udp,http,SF,8044,37994,anomaly
778,udp,ftp,S0,67546,9468,anomaly
481,udp,ftp,SF,73557,87480,normal
74,tcp,http,SF,86199,10414,normal
703,udp,ftp,REJ,24711,91649,normal
614,udp,ftp,SF,43757,4959,normal
828,tcp,ftp,S0,46278,35958,normal
401,icmp,dns,S0,98956,65427,normal
713,tcp,smtp,SF,83326,13026,normal
289,tcp,smtp,REJ,76372,59648,normal
99,udp,ftp,SF,17907,63074,normal
560,icmp,dns,S0,80523,6111,normal
671,tcp,ftp,SF,19455,18055,normal
356,udp,ftp,REJ,85626,8856,normal
998,tcp,ftp,SF,76273,54655,normal
585,tcp,dns,SF,28451,24997,normal
551,udp,ftp,SF,88385,65576,normal
830,tcp,dns,REJ,31587,72240,normal
615,icmp,dns,REJ,89952,17096,normal
500,icmp,ftp,S0,55434,45970,normal
933,udp,http,SF,77850,47907,normal
711,tcp,dns,REJ,32845,49179,anomaly
286,udp,http,REJ,95455,52989,normal
261,icmp,dns,REJ,55387,35115,normal
634,udp,dns,REJ,98810,98836,normal
25,tcp,dns,S0,38495,90569,normal
539,icmp,smtp,S0,37818,79623,anomaly
998,icmp,http,SF,73818,59996,normal
869,icmp,dns,S0,66059,40132,normal
192,udp,dns,REJ,66871,64640,normal
477,icmp,dns,REJ,797,99665,normal
579,tcp,smtp,REJ,78126,6046,normal
669,udp,http,SF,20016,3574,normal
856,icmp,http,REJ,709,56356,normal
93,icmp,smtp,S0,5981,30625,normal
480,tcp,dns,SF,28586,52812,normal
256,tcp,ftp,REJ,88028,59155,anomaly
695,icmp,ftp,S0,2095,84561,normal
487,udp,http,S0,13557,9998,normal
253,tcp,ftp,REJ,52325,77040,normal
750,udp,ftp,SF,75120,93934,normal
402,udp,ftp,SF,84400,42113,normal
878,icmp,http,S0,12163,8698,normal
24,tcp,http,REJ,95113,80746,normal
666,icmp,ftp,S0,41713,28098,normal
294,tcp,http,REJ,75493,51884,normal
115,icmp,dns,REJ,6758,77118,normal
903,udp,dns,REJ,94330,51141,anomaly
305,tcp,dns,SF,20062,56811,normal
726,udp,http,S0,91205,13488,normal
576,udp,smtp,S0,67705,95463,normal
194,icmp,http,REJ,57015,26267,normal
171,udp,http,S0,68054,91306,normal
984,udp,http,SF,72619,39814,normal
76,udp,http,SF,47182,18035,normal
826,tcp,http,SF,45114,66175,normal
196,tcp,ftp,S0,81089,5669,normal
461,tcp,smtp,S0,62768,57075,normal
636,icmp,dns,REJ,48302,33977,normal
554,icmp,http,S0,61361,72815,normal
57,icmp,dns,S0,89154,13326,anomaly
105,icmp,dns,REJ,66137,88036,normal
452,udp,ftp,REJ,25061,11536,normal
296,icmp,smtp,SF,86504,29604,anomaly
295,udp,http,SF,85553,71313,normal
82,udp,smtp,S0,99881,11047,normal
825,tcp,smtp,SF,34841,77280,normal
542,udp,smtp,SF,20815,82287,normal
0,tcp,dns,SF,94029,82155,normal
387,icmp,http,S0,83825,25209,normal
920,udp,smtp,REJ,98197,50222,anomaly
287,tcp,smtp,SF,74691,12066,normal
466,tcp,smtp,REJ,51632,23353,normal
6,udp,smtp,SF,53232,75609,normal
206,udp,ftp,S0,91721,78254,normal
869,icmp,http,S0,70876,17761,normal
204,icmp,smtp,SF,84918,34513,normal
417,udp,smtp,S0,53128,19588,normal
329,udp,http,REJ,69275,35345,normal
317,tcp,smtp,SF,56798,63179,normal
613,udp,dns,S0,66357,75247,normal
294,icmp,dns,REJ,30754,55788,normal
988,udp,dns,SF,28022,25979,normal
375,udp,dns,S0,72868,99305,normal
493,tcp,smtp,S0,45976,99068,normal
645,tcp,dns,REJ,97713,75093,normal
699,tcp,ftp,REJ,60363,88189,normal
574,tcp,dns,REJ,13547,31687,normal
591,tcp,dns,REJ,81258,43215,normal
710,tcp,http,REJ,60057,49780,normal
441,tcp,smtp,SF,93794,64258,normal
620,tcp,dns,SF,10214,55658,normal
806,tcp,http,S0,4084,68839,normal
127,icmp,dns,S0,80296,44796,normal
892,icmp,ftp,SF,55853,58436,normal
502,tcp,smtp,S0,39439,3804,normal
164,tcp,http,SF,34864,99326,normal
943,tcp,dns,REJ,6122,12043,normal
31,tcp,ftp,S0,94070,9554,normal
584,icmp,dns,REJ,4734,41817,normal
264,udp,dns,REJ,41985,88477,normal
943,udp,ftp,REJ,75932,41460,normal
796,tcp,dns,S0,27812,19251,normal
516,tcp,smtp,REJ,92926,21857,anomaly
648,tcp,dns,S0,93933,14932,normal
638,tcp,smtp,S0,12158,4044,normal
863,icmp,smtp,SF,8461,60236,normal
182,icmp,ftp,SF,35427,93783,normal
193,udp,ftp,SF,47149,45950,normal
62,udp,dns,REJ,84507,42554,normal
910,udp,dns,REJ,47982,56244,normal
977,udp,smtp,SF,31418,8831,normal
315,tcp,smtp,S0,38955,5614,normal
80,icmp,http,SF,29190,26594,normal
833,icmp,ftp,SF,64491,5492,normal
527,icmp,dns,S0,27934,38529,anomaly
503,tcp,dns,SF,76426,53234,normal
162,udp,smtp,SF,72445,15109,normal
990,tcp,http,SF,35682,56213,normal
756,icmp,ftp,SF,40396,41895,normal
336,tcp,smtp,SF,31511,42502,normal
493,udp,ftp,REJ,4089,92923,normal
954,icmp,dns,S0,99700,87642,normal
946,icmp,dns,S0,99560,97024,normal
428,udp,dns,S0,30819,65389,normal
134,udp,ftp,SF,51859,50163,normal
532,tcp,http,S0,98045,40449,normal
357,tcp,dns,SF,2121,11806,anomaly
128,tcp,dns,SF,51223,37224,normal
686,udp,ftp,S0,31507,1268,normal
714,tcp,smtp,S0,93521,91993,normal
545,udp,http,REJ,69984,11055,normal
769,tcp,http,S0,23905,59078,anomaly
442,tcp,dns,S0,47528,22963,normal
916,udp,ftp,S0,4185,65161,normal
479,icmp,http,REJ,50012,3151,normal
35,tcp,smtp,REJ,8122,4320,normal
752,tcp,http,REJ,83070,71802,normal
713,udp,ftp,SF,10046,3231,normal
585,udp,ftp,REJ,67489,89723,normal
894,icmp,dns,SF,64553,64856,anomaly
639,tcp,smtp,S0,50018,6623,normal
404,icmp,smtp,REJ,77802,72511,normal
753,icmp,ftp,SF,69032,74685,normal
386,udp,ftp,SF,37225,62074,normal
255,udp,dns,S0,71240,37120,normal
321,udp,smtp,REJ,23526,59999,normal
421,udp,dns,REJ,31955,9242,normal
865,tcp,dns,SF,25086,17689,normal
316,icmp,dns,REJ,68837,72440,normal
996,udp,ftp,S0,53625,63439,normal
681,udp,ftp,REJ,79064,4871,normal
599,tcp,ftp,REJ,55741,47346,normal
302,udp,http,SF,83634,80128,normal
551,tcp,smtp,SF,70213,10780,normal
215,udp,http,REJ,62280,46906,normal
585,udp,dns,SF,844,90446,normal
257,udp,http,S0,50018,82473,normal
447,tcp,smtp,SF,92749,69816,normal
627,icmp,ftp,REJ,51391,38243,normal
773,icmp,dns,SF,56279,44693,anomaly
597,tcp,ftp,S0,97687,78257,normal
201,icmp,smtp,S0,59895,97729,normal
468,udp,smtp,SF,82458,47867,normal
163,icmp,dns,SF,60943,9526,anomaly
369,tcp,smtp,SF,23208,61968,normal
206,tcp,ftp,SF,26804,29967,normal
740,icmp,smtp,REJ,28479,97291,anomaly
410,udp,ftp,S0,19616,86452,normal
491,udp,smtp,REJ,41732,80204,normal
371,icmp,dns,SF,45081,55260,normal
202,tcp,ftp,REJ,58138,22582,normal
911,icmp,smtp,SF,85051,26980,normal
686,icmp,ftp,REJ,61958,12318,normal
895,icmp,ftp,REJ,98457,55397,normal
121,udp,dns,SF,17317,30483,normal
503,icmp,smtp,S0,59102,88605,anomaly
392,icmp,ftp,SF,2839,22766,normal
582,tcp,dns,REJ,47199,39493,normal
926,icmp,ftp,S0,58534,47690,normal
775,tcp,smtp,SF,62535,74134,normal
297,udp,http,SF,20463,72458,normal
37,udp,ftp,SF,25650,71055,normal
404,icmp,ftp,REJ,51809,17963,normal
870,udp,ftp,SF,53191,61060,normal
747,icmp,smtp,S0,32897,61032,normal
854,icmp,dns,SF,82232,81018,anomaly
949,icmp,smtp,REJ,36496,4319,normal
244,tcp,http,S0,95256,11810,normal
79,icmp,ftp,REJ,54984,85590,anomaly
504,tcp,http,REJ,86714,5186,normal
944,tcp,smtp,S0,81546,88193,normal
385,icmp,smtp,S0,84947,23921,normal
713,udp,ftp,SF,85979,58724,anomaly
763,udp,dns,REJ,54876,28081,normal
194,udp,ftp,S0,5334,49287,normal
458,udp,dns,SF,23598,86891,normal
99,icmp,dns,S0,68183,68417,normal
655,icmp,http,REJ,96773,85346,normal
872,tcp,ftp,S0,31588,4071,normal
527,tcp,ftp,S0,62626,61919,normal
269,tcp,http,REJ,6490,39815,normal
832,icmp,ftp,SF,42964,60339,anomaly
632,udp,ftp,S0,18470,27445,normal
604,tcp,http,SF,45695,32406,normal
343,udp,dns,SF,5669,22913,normal
58,icmp,ftp,SF,30175,76020,normal
145,tcp,dns,S0,20287,71978,normal
391,udp,ftp,REJ,72572,15658,normal
861,icmp,http,REJ,22705,30444,normal
961,tcp,dns,S0,39008,69585,anomaly
600,tcp,ftp,S0,6826,411,normal
484,tcp,http,S0,33099,58422,normal
531,tcp,http,SF,93083,1727,normal
440,udp,http,S0,19406,74131,normal
719,tcp,ftp,REJ,60758,97464,normal
341,tcp,ftp,SF,51240,33159,normal
407,udp,dns,SF,61769,74252,normal
71,icmp,http,S0,69219,83501,anomaly
696,tcp,dns,S0,79885,81442,normal
337,icmp,ftp,SF,19918,47284,normal
620,icmp,ftp,SF,6300,3779,normal
290,udp,ftp,SF,4322,63999,normal
778,udp,ftp,SF,16244,50839,anomaly
396,udp,smtp,S0,30082,97995,normal
369,icmp,http,SF,64700,87396,normal
931,icmp,ftp,S0,22663,78107,normal
482,icmp,smtp,S0,93464,65294,normal
941,tcp,dns,S0,48550,24070,normal
895,udp,ftp,SF,58091,94669,normal
698,udp,dns,S0,60472,71060,normal
93,udp,smtp,SF,15677,72169,anomaly
11,tcp,http,REJ,4249,54910,normal
185,udp,dns,REJ,51615,3364,normal
852,tcp,dns,S0,55233,6336,normal
15,tcp,http,SF,68568,84366,normal
917,icmp,dns,SF,30466,596,normal
690,udp,http,SF,63665,44673,normal
935,icmp,http,SF,66704,31574,normal
56,icmp,smtp,S0,12992,80667,normal
527,tcp,ftp,REJ,32443,29369,normal
41,icmp,smtp,REJ,91728,51614,normal
339,tcp,smtp,SF,32904,7570,normal
339,icmp,http,S0,64910,66936,normal
280,icmp,http,SF,43771,59972,normal
163,icmp,dns,S0,67498,41687,normal
622,icmp,dns,S0,65062,20709,normal
448,udp,dns,SF,23639,38824,normal
809,udp,ftp,SF,23635,70663,normal
283,tcp,dns,REJ,13473,99361,normal
464,tcp,dns,REJ,91466,79581,normal
11,icmp,ftp,REJ,95859,50190,normal
603,tcp,ftp,S0,51809,4023,normal
131,icmp,dns,SF,84802,30838,normal
754,tcp,smtp,REJ,86041,50586,anomaly
958,udp,ftp,S0,75125,89219,normal
121,tcp,http,SF,99934,47278,normal
228,icmp,dns,REJ,85335,59047,normal
20,udp,smtp,SF,85206,54389,normal
681,tcp,dns,S0,21876,64085,normal
819,udp,dns,REJ,73160,10167,normal
712,tcp,ftp,REJ,39984,17242,normal
884,icmp,dns,REJ,23456,37654,normal
601,icmp,ftp,S0,69870,27363,normal
46,udp,http,REJ,26,31623,normal
396,udp,http,REJ,4178,49397,anomaly
83,icmp,ftp,SF,72409,37769,normal
470,udp,http,REJ,41307,11873,normal
525,icmp,http,REJ,8727,30532,normal
86,icmp,http,S0,27562,52659,normal
657,tcp,ftp,S0,70954,22742,normal
72,udp,dns,S0,76733,81352,normal
471,tcp,dns,S0,40558,58720,normal
462,icmp,smtp,REJ,36501,13191,normal
924,tcp,smtp,REJ,23472,46340,normal
347,icmp,smtp,S0,20320,72976,normal
346,udp,dns,REJ,28575,80209,normal
786,udp,dns,S0,8932,67408,normal
971,icmp,dns,S0,81098,41783,normal
387,icmp,smtp,S0,91767,78740,anomaly
332,icmp,dns,S0,81302,46743,normal
816,icmp,ftp,REJ,46689,96890,normal
256,udp,http,S0,87341,61966,normal
624,udp,ftp,SF,964,13480,normal
92,udp,ftp,REJ,85699,64361,normal
59,tcp,smtp,S0,76376,13628,normal
245,icmp,dns,S0,85377,76566,anomaly
532,icmp,ftp,SF,89141,9094,normal
913,udp,dns,SF,70864,85536,normal
943,tcp,smtp,S0,64036,71077,normal
479,udp,smtp,REJ,99385,26753,normal
358,icmp,smtp,S0,11436,39296,normal
862,icmp,ftp,REJ,10498,32704,normal
877,tcp,ftp,SF,64326,19108,anomaly
919,udp,http,SF,18967,40718,anomaly
900,udp,smtp,SF,16886,59986,normal
48,tcp,ftp,SF,736,54424,normal
584,icmp,ftp,S0,86406,78942,anomaly
585,tcp,smtp,REJ,47172,69424,anomaly
747,tcp,dns,S0,13883,30519,normal
881,udp,http,SF,53438,94911,normal
628,icmp,ftp,REJ,37856,77849,normal
349,udp,dns,SF,28758,73352,normal
404,udp,ftp,S0,21371,72919,anomaly
399,tcp,http,S0,12321,67055,normal
73,tcp,dns,SF,65751,53167,normal
317,icmp,ftp,SF,79923,89085,anomaly
26,udp,http,S0,55020,39752,anomaly
652,udp,smtp,SF,69966,31026,normal
637,tcp,dns,S0,75350,69339,normal
90,tcp,http,REJ,27703,72925,normal
845,icmp,smtp,SF,85507,78677,normal
496,tcp,http,REJ,84349,26073,normal
630,tcp,ftp,REJ,12363,49678,anomaly
383,udp,http,SF,33660,27036,normal
965,udp,dns,SF,42850,81639,normal
444,udp,dns,SF,71124,24905,normal
238,udp,dns,REJ,17321,46249,normal
571,icmp,smtp,SF,62601,61283,normal
423,udp,ftp,SF,58955,67974,normal
133,tcp,ftp,SF,47645,82038,normal
68,udp,http,S0,56694,42067,normal
886,tcp,ftp,SF,37585,40320,normal
449,tcp,http,SF,1881,49961,normal
880,icmp,smtp,SF,91020,76800,normal
643,tcp,http,REJ,1625,86627,normal
381,tcp,http,REJ,49889,14703,anomaly
88,icmp,smtp,REJ,61371,2525,normal
46,tcp,http,REJ,90717,87442,normal
494,tcp,http,REJ,1017,29021,normal
183,udp,http,S0,66321,75076,normal
275,icmp,ftp,S0,76192,64507,normal
803,icmp,http,REJ,12040,54207,normal
944,icmp,http,SF,60222,86938,normal
876,tcp,http,S0,44475,44342,normal
549,icmp,http,REJ,91969,87340,normal
748,udp,http,REJ,79019,49078,normal
780,udp,dns,S0,11673,55201,normal
470,udp,smtp,S0,34696,99034,normal
959,udp,dns,SF,94103,70327,normal
257,tcp,dns,S0,19690,78297,normal
108,icmp,ftp,REJ,29655,20770,normal
325,icmp,dns,SF,75895,65608,normal
619,tcp,dns,REJ,44663,17283,normal
28,icmp,dns,S0,7353,15517,normal
676,icmp,dns,REJ,46369,95590,normal
166,icmp,http,S0,88320,70218,normal
216,icmp,http,SF,3340,52142,normal
998,icmp,ftp,S0,76981,85057,normal
217,tcp,smtp,REJ,42048,79039,normal
998,icmp,dns,SF,26118,29790,normal
792,tcp,ftp,REJ,1630,59402,normal
167,udp,smtp,S0,52333,88865,normal
853,udp,http,SF,64,9792,anomaly
47,tcp,ftp,SF,30702,8989,normal
852,tcp,http,REJ,33811,97081,normal
935,udp,ftp,S0,93510,46538,normal
701,icmp,smtp,REJ,62320,89759,normal
231,udp,dns,SF,95334,34152,normal
738,udp,smtp,S0,31547,21362,normal
189,udp,dns,SF,99452,58024,normal
585,icmp,smtp,S0,24688,39091,normal
132,tcp,http,S0,72403,23417,normal
343,udp,http,REJ,63410,11381,normal
655,tcp,smtp,S0,66021,46966,normal
114,tcp,dns,REJ,35207,19139,normal
374,udp,smtp,REJ,78704,92448,normal
742,tcp,ftp,SF,27476,64188,normal
742,icmp,http,SF,11540,48303,anomaly
661,tcp,smtp,SF,54673,69147,normal
832,icmp,dns,REJ,36447,67991,normal
183,tcp,smtp,S0,57502,55190,normal
176,icmp,http,REJ,92322,45385,normal
771,udp,http,S0,57751,18605,normal
291,icmp,ftp,SF,56375,94547,normal
453,udp,dns,REJ,12487,28455,normal
249,tcp,http,SF,73942,41523,anomaly
649,udp,ftp,S0,44680,12429,normal
136,tcp,smtp,REJ,41168,43513,normal
132,udp,http,SF,73942,81269,normal
828,tcp,smtp,SF,41789,55255,normal
254,udp,smtp,SF,13434,78012,normal
591,udp,smtp,S0,28280,21095,normal
277,icmp,http,SF,11160,11274,normal
10,tcp,dns,SF,78713,85102,anomaly
146,udp,smtp,S0,99582,98541,normal
29,udp,ftp,REJ,63206,46487,normal
664,icmp,dns,REJ,92002,976,normal
823,tcp,dns,SF,41371,1064,normal
417,udp,http,SF,7310,13011,normal
539,tcp,smtp,S0,25926,47943,normal
853,tcp,dns,SF,87223,17429,normal
933,tcp,dns,REJ,79222,58019,normal
200,udp,ftp,S0,56672,90795,normal
246,icmp,ftp,REJ,20664,28720,normal
403,tcp,http,SF,3902,31707,normal
309,tcp,dns,S0,4539,8333,normal
204,tcp,http,SF,82318,10551,normal
972,icmp,ftp,SF,67792,38721,anomaly
421,tcp,ftp,S0,65562,57097,normal
382,udp,ftp,SF,616,54713,normal
144,tcp,smtp,SF,58911,85562,normal
119,udp,ftp,SF,14292,87510,normal
330,tcp,ftp,REJ,17802,34057,normal
847,icmp,ftp,SF,50022,54759,normal
75,icmp,dns,SF,41358,25271,normal
833,icmp,http,SF,93499,46203,normal
200,udp,http,SF,60263,55396,anomaly
558,udp,dns,REJ,93128,86830,normal
474,tcp,http,S0,41414,42035,normal
530,icmp,smtp,S0,66090,81123,normal
694,tcp,http,SF,23939,79563,normal
45,icmp,dns,REJ,84243,14736,anomaly
100,tcp,ftp,S0,95020,30562,anomaly
679,icmp,ftp,REJ,22963,28230,normal
209,tcp,http,SF,82711,81680,normal
896,tcp,dns,SF,2558,97582,normal
802,icmp,smtp,SF,10770,70780,normal
713,tcp,dns,REJ,92164,39104,normal
618,tcp,dns,SF,29173,38633,normal
243,tcp,http,S0,3672,95255,normal
156,tcp,dns,REJ,53447,70642,normal
584,tcp,dns,REJ,89493,7486,normal
39,icmp,ftp,S0,13255,34450,normal
491,tcp,http,REJ,93863,6270,normal
434,icmp,smtp,S0,10838,63673,normal
518,tcp,smtp,S0,85386,60122,anomaly
891,udp,ftp,REJ,18555,73393,normal
551,udp,http,REJ,70002,64972,normal
585,icmp,http,S0,62608,79834,normal
205,udp,smtp,S0,40809,24121,normal
522,icmp,ftp,S0,58290,25436,normal
262,udp,http,SF,11732,73866,normal
740,icmp,ftp,S0,86749,58578,anomaly
192,tcp,ftp,SF,35226,50845,normal
804,tcp,dns,S0,14232,24,normal
395,icmp,dns,S0,33469,70566,normal
287,tcp,smtp,SF,15642,24000,normal
601,icmp,http,REJ,46266,52456,normal
811,tcp,smtp,SF,65831,98608,normal
105,udp,ftp,REJ,28521,45425,normal
802,icmp,ftp,SF,17799,15799,normal
185,icmp,http,S0,24406,61720,normal
105,udp,dns,SF,96184,7862,normal
519,tcp,smtp,S0,65852,65125,normal
862,icmp,http,S0,49581,68584,normal
932,udp,dns,S0,87962,89388,normal
573,icmp,http,REJ,94975,271,normal
99,tcp,smtp,S0,68147,33411,normal
928,icmp,dns,SF,13770,95653,normal
613,icmp,smtp,SF,29333,79555,anomaly
799,udp,ftp,SF,36812,88036,normal
318,icmp,ftp,REJ,66977,7129,normal
493,tcp,http,SF,20084,74527,normal
822,udp,http,REJ,45077,62672,normal
766,icmp,ftp,S0,72812,32044,normal
389,tcp,dns,S0,32289,38905,normal
181,udp,smtp,S0,67914,90221,normal
605,tcp,http,SF,40942,86039,normal
145,tcp,smtp,REJ,2139,83919,normal
904,tcp,ftp,SF,65572,94276,normal
37,icmp,ftp,SF,15229,63023,normal
206,tcp,dns,SF,93581,24764,normal
18,tcp,dns,REJ,18348,29843,anomaly
415,tcp,http,S0,1659,22743,normal
62,icmp,dns,SF,60617,20216,normal
781,udp,http,SF,78375,80413,normal
102,tcp,ftp,SF,40388,97514,normal
816,tcp,ftp,S0,90825,27857,normal
10,icmp,http,SF,85088,21257,anomaly
28,icmp,dns,SF,29084,7084,normal
649,tcp,dns,S0,34943,90752,normal
979,icmp,ftp,SF,80882,51634,normal
803,tcp,smtp,S0,32361,42050,normal
499,icmp,smtp,REJ,15471,72563,normal
937,tcp,dns,SF,58615,61434,normal
653,udp,dns,S0,31562,48056,normal
688,icmp,ftp,S0,80111,79580,anomaly
3,icmp,smtp,SF,17561,46014,anomaly
598,udp,ftp,REJ,54117,26571,normal
0,tcp,http,REJ,31857,99465,normal
829,icmp,smtp,S0,6743,65227,normal
128,udp,smtp,SF,36565,21632,normal
710,udp,dns,REJ,67025,8101,anomaly
0,icmp,ftp,SF,39706,11337,normal
236,udp,http,S0,16270,22079,normal
488,icmp,ftp,SF,60702,59364,normal
275,icmp,smtp,S0,63755,56007,normal
53,icmp,ftp,S0,71305,30500,normal
551,udp,http,REJ,87153,23067,normal
862,tcp,dns,REJ,42032,47202,normal
404,icmp,smtp,SF,26616,97161,normal
55,udp,ftp,SF,39945,42044,normal
663,tcp,smtp,S0,32839,61733,normal
51,tcp,smtp,SF,2255,10805,normal
143,icmp,smtp,REJ,17518,72759,normal
362,icmp,smtp,SF,80263,76536,normal
908,icmp,smtp,REJ,65386,57953,normal
286,tcp,dns,REJ,6285,83418,normal
123,icmp,dns,REJ,39768,28196,normal
402,tcp,http,SF,63419,27736,normal
832,icmp,smtp,REJ,35889,3150,normal
503,udp,dns,SF,95796,51321,normal
763,icmp,ftp,S0,40188,44201,normal
568,udp,http,SF,58503,91444,normal
207,tcp,dns,S0,58403,50624,normal
913,icmp,smtp,REJ,6683,24962,normal
825,udp,http,S0,27943,4886,normal
432,tcp,http,REJ,14003,96673,normal
948,tcp,dns,SF,40823,85418,normal
771,tcp,smtp,REJ,70026,6655,normal
243,icmp,smtp,S0,50088,7286,normal
857,icmp,http,REJ,62775,34697,normal
457,icmp,ftp,REJ,24114,30609,anomaly
222,udp,dns,S0,50490,57527,normal
889,tcp,http,REJ,8889,29595,normal
622,tcp,dns,REJ,96605,76194,normal
164,icmp,smtp,SF,58756,72750,normal
121,udp,smtp,REJ,53516,54780,anomaly
139,tcp,ftp,REJ,11189,35845,normal
404,udp,smtp,SF,56147,68013,normal
322,icmp,ftp,REJ,27164,44119,normal
973,icmp,http,REJ,30671,53481,normal
528,icmp,http,SF,75213,17455,normal
218,icmp,http,SF,4123,53828,normal
441,icmp,ftp,S0,26532,59090,normal
928,icmp,http,SF,53146,89912,normal
483,icmp,http,S0,86454,43423,anomaly
362,icmp,smtp,SF,48989,99604,normal
830,udp,dns,REJ,44075,37584,normal
458,icmp,smtp,REJ,88833,77168,normal
689,udp,http,S0,88095,1624,normal
126,tcp,dns,S0,8923,34000,normal
508,tcp,dns,REJ,54534,16491,normal
18,icmp,dns,SF,31982,8921,normal
621,udp,smtp,SF,53581,2022,normal
886,udp,ftp,REJ,42565,4348,normal
847,udp,http,REJ,2472,37530,normal
9,tcp,smtp,SF,90996,60717,normal
731,icmp,http,SF,19539,57836,normal
164,udp,http,SF,64768,62511,anomaly
59,udp,ftp,S0,96239,37118,anomaly
99,udp,http,SF,17003,97155,normal
339,tcp,ftp,REJ,89753,57348,normal
380,udp,http,SF,46960,67628,normal
929,udp,dns,SF,99465,80418,normal
316,udp,http,SF,5738,74849,normal
727,tcp,dns,REJ,85856,94071,normal
509,udp,http,SF,73350,36561,normal
872,udp,smtp,REJ,42011,49984,normal
86,udp,http,SF,19873,89010,normal
268,tcp,smtp,S0,15929,93157,normal
257,icmp,smtp,SF,36916,85876,normal
111,udp,http,SF,82313,85564,normal
529,icmp,http,REJ,62835,35761,normal
268,udp,smtp,S0,44425,13052,normal
973,udp,ftp,S0,24554,59410,normal
553,udp,smtp,S0,25769,53185,normal
387,icmp,http,S0,57111,8097,anomaly
139,tcp,http,SF,34887,46928,normal
188,icmp,smtp,S0,29761,54307,normal
347,udp,smtp,SF,5255,54327,normal
358,tcp,smtp,S0,2554,1455,normal
266,tcp,ftp,S0,22316,4391,normal
453,udp,dns,REJ,59309,17771,normal
387,icmp,dns,S0,27604,83048,normal
421,icmp,ftp,S0,7224,14213,normal
951,udp,http,REJ,71050,50022,normal
329,tcp,dns,REJ,20038,47199,normal
723,tcp,dns,SF,70034,21560,normal
22,icmp,smtp,REJ,32976,80322,anomaly
553,icmp,smtp,REJ,14443,56451,normal
493,tcp,ftp,S0,97835,33645,normal
738,icmp,dns,REJ,37964,79622,normal
195,tcp,http,S0,94969,43981,normal
97,icmp,ftp,REJ,28336,53429,anomaly
923,tcp,dns,SF,5276,32963,normal
542,udp,smtp,S0,24593,91141,normal
263,icmp,smtp,S0,73245,62076,normal
338,tcp,dns,S0,54146,19212,anomaly
497,udp,http,REJ,46011,11379,normal
175,udp,http,SF,53908,87009,normal
309,tcp,ftp,REJ,66958,70661,normal
285,tcp,dns,REJ,59540,36741,normal
638,udp,http,SF,93751,19902,normal
69,udp,smtp,S0,69888,90241,normal
292,tcp,dns,SF,48069,48890,normal
731,tcp,ftp,S0,3563,44851,normal
665,icmp,smtp,REJ,47370,74498,anomaly
765,icmp,dns,S0,52920,46961,anomaly
595,tcp,ftp,SF,86436,86460,normal
378,icmp,dns,SF,74172,11226,normal
260,tcp,http,S0,33615,57184,normal
205,udp,dns,S0,77225,48168,normal
218,udp,smtp,REJ,96951,35793,normal
288,udp,http,REJ,25723,7577,normal
705,tcp,ftp,SF,21863,27020,normal
849,icmp,http,SF,78802,98275,anomaly
917,icmp,dns,REJ,85615,85241,normal
346,udp,smtp,S0,33496,21152,normal
58,icmp,http,REJ,75725,51115,normal
737,tcp,ftp,S0,3055,67551,normal
334,tcp,http,SF,24962,45300,normal
242,icmp,smtp,S0,37694,76223,anomaly
927,icmp,smtp,REJ,82353,56915,normal
363,icmp,smtp,REJ,51832,34826,normal
841,udp,smtp,S0,78827,20382,normal
955,icmp,ftp,SF,17010,70830,normal
327,udp,smtp,SF,63927,79366,normal
273,icmp,dns,SF,15895,36841,anomaly
571,tcp,smtp,SF,27284,88051,normal
133,icmp,ftp,SF,33762,49472,normal
589,udp,http,SF,53835,51683,normal
917,icmp,ftp,S0,22007,40418,normal
811,tcp,smtp,REJ,86353,24661,normal
705,tcp,ftp,SF,33077,27716,normal
192,icmp,smtp,REJ,19495,93103,normal
593,udp,http,SF,82727,78035,normal
404,icmp,smtp,SF,99262,83557,normal
252,icmp,http,REJ,24795,36727,normal
