duration,src_bytes,dst_bytes,label,protocol_type_icmp,protocol_type_tcp,protocol_type_udp,service_dns,service_ftp,service_http,service_smtp,flag_REJ,flag_S0,flag_SF,predictions
694,49395,77303,normal,False,True,False,False,False,True,False,False,False,True,1
745,55678,75362,normal,False,True,False,True,False,False,False,False,True,False,1
496,99498,73503,normal,True,False,False,True,False,False,False,False,True,False,1
543,94593,42951,normal,False,False,True,False,False,True,False,True,False,False,1
301,35268,52423,anomaly,True,False,False,True,False,False,False,True,False,False,1
237,32913,63165,anomaly,False,True,False,True,False,False,False,False,True,False,1
287,10405,3287,normal,False,False,True,True,False,False,False,False,True,False,1
240,31774,3839,anomaly,False,False,True,True,False,False,False,True,False,False,1
636,89876,18122,normal,True,False,False,False,False,False,True,False,False,True,1
795,73085,46241,normal,False,False,True,False,False,False,True,False,True,False,1
841,21892,66345,normal,False,True,False,False,True,False,False,False,False,True,1
636,85538,79590,normal,False,False,True,False,False,True,False,False,False,True,1
123,65880,53707,normal,True,False,False,False,False,False,True,False,True,False,1
577,2561,62055,normal,False,True,False,False,False,False,True,True,False,False,1
238,61863,30666,normal,False,False,True,False,True,False,False,False,True,False,1
462,46955,72836,normal,False,False,True,False,False,True,False,True,False,False,1
351,71502,67412,normal,False,True,False,True,False,False,False,False,True,False,1
94,9909,18183,normal,True,False,False,False,True,False,False,False,True,False,1
876,12138,98730,normal,False,False,True,False,True,False,False,False,False,True,1
666,54118,15591,normal,False,True,False,True,False,False,False,False,False,True,1
851,24408,73885,normal,False,True,False,False,True,False,False,True,False,False,1
599,13421,26714,anomaly,True,False,False,True,False,False,False,False,False,True,1
177,3904,17684,normal,False,False,True,False,True,False,False,True,False,False,1
645,35730,97178,normal,False,True,False,False,True,False,False,False,True,False,1
445,78695,23820,normal,True,False,False,True,False,False,False,True,False,False,1
290,97518,87462,normal,False,False,True,False,False,False,True,False,True,False,1
361,47796,27210,normal,False,True,False,False,True,False,False,False,True,False,1
994,99746,30573,normal,False,False,True,False,False,True,False,True,False,False,1
653,1865,82596,normal,False,True,False,False,False,True,False,False,True,False,1
399,7612,54488,normal,True,False,False,False,False,True,False,False,True,False,1
455,9392,23984,normal,False,True,False,True,False,False,False,False,True,False,1
18,44459,31120,anomaly,True,False,False,False,False,False,True,False,False,True,0
851,50662,57567,normal,False,False,True,True,False,False,False,False,False,True,1
872,55576,15029,normal,False,True,False,False,False,True,False,False,False,True,1
887,12137,94053,normal,True,False,False,False,False,True,False,True,False,False,1
408,81815,51192,normal,False,True,False,False,True,False,False,False,True,False,1
5,32162,81061,normal,False,False,True,False,False,False,True,False,False,True,1
77,1678,29436,normal,False,True,False,False,False,False,True,False,True,False,1
593,79972,22892,normal,True,False,False,False,False,True,False,True,False,False,1
477,53222,79976,normal,True,False,False,False,False,True,False,False,True,False,1
343,97900,78506,normal,False,False,True,True,False,False,False,False,True,False,1
264,30998,72805,normal,False,True,False,False,True,False,False,False,False,True,1
742,2086,28962,anomaly,False,True,False,True,False,False,False,False,False,True,1
324,90160,70925,normal,False,True,False,False,False,True,False,False,True,False,1
813,74346,54116,normal,False,True,False,False,False,False,True,False,True,False,1
836,29093,75787,anomaly,False,False,True,False,False,False,True,False,True,False,1
26,6099,75492,normal,True,False,False,False,True,False,False,True,False,False,1
750,43575,62180,normal,True,False,False,False,False,True,False,True,False,False,1
781,81276,10482,normal,False,True,False,False,True,False,False,False,True,False,1
111,55938,74282,normal,True,False,False,False,False,False,True,False,False,True,1
85,36515,15458,normal,False,True,False,False,False,False,True,False,False,True,1
597,78128,49376,normal,False,False,True,False,False,False,True,False,True,False,1
260,71606,13442,normal,False,False,True,True,False,False,False,False,False,True,1
436,10328,85548,normal,False,False,True,False,False,True,False,False,False,True,1
478,98032,48733,normal,True,False,False,False,False,True,False,False,False,True,1
719,23549,67686,normal,False,True,False,False,False,True,False,False,True,False,1
973,53358,19151,normal,True,False,False,False,True,False,False,True,False,False,1
501,94671,2123,normal,True,False,False,True,False,False,False,False,True,False,1
990,23551,9686,normal,True,False,False,False,False,True,False,False,False,True,1
744,80646,71253,normal,True,False,False,False,False,True,False,False,True,False,1
197,97239,78472,anomaly,True,False,False,True,False,False,False,True,False,False,1
950,85376,16556,normal,True,False,False,False,False,False,True,True,False,False,1
18,58455,35591,normal,False,True,False,True,False,False,False,False,True,False,1
519,63666,93057,anomaly,True,False,False,False,False,True,False,False,False,True,1
439,62342,99220,normal,True,False,False,False,True,False,False,True,False,False,1
965,43016,90687,normal,False,False,True,True,False,False,False,True,False,False,1
982,32666,94877,normal,True,False,False,False,True,False,False,True,False,False,1
934,43441,58008,anomaly,False,False,True,False,False,True,False,True,False,False,1
574,2898,52949,normal,True,False,False,False,False,False,True,True,False,False,1
310,13704,33304,anomaly,True,False,False,False,False,True,False,False,False,True,1
367,46144,2681,normal,True,False,False,False,True,False,False,False,True,False,1
62,36350,70516,normal,False,True,False,False,False,False,True,True,False,False,1
255,20514,32903,normal,False,False,True,True,False,False,False,True,False,False,1
158,72975,4767,normal,True,False,False,False,False,False,True,False,False,True,1
428,47580,66281,normal,True,False,False,False,True,False,False,False,True,False,1
397,35985,98977,normal,False,False,True,False,True,False,False,False,True,False,1
429,79803,63110,normal,True,False,False,False,False,True,False,True,False,False,1
997,69445,96487,normal,False,False,True,False,True,False,False,False,False,True,1
346,4028,11194,normal,True,False,False,False,True,False,False,False,False,True,1
216,93221,31558,normal,False,False,True,False,True,False,False,True,False,False,1
647,60813,26737,anomaly,True,False,False,False,False,False,True,True,False,False,1
667,46003,34007,normal,False,False,True,False,False,False,True,False,True,False,1
175,51922,2421,normal,False,True,False,False,False,False,True,True,False,False,1
108,27511,22065,normal,True,False,False,False,False,True,False,True,False,False,1
776,63078,60637,normal,False,False,True,False,True,False,False,False,False,True,1
236,27669,45859,normal,False,False,True,False,False,True,False,False,False,True,1
379,67711,14804,normal,False,False,True,False,True,False,False,False,True,False,1
520,3977,28503,normal,False,True,False,False,False,True,False,True,False,False,1
148,27493,91212,anomaly,True,False,False,True,False,False,False,True,False,False,1
411,35605,76922,normal,True,False,False,False,False,True,False,False,True,False,1
586,5634,6000,normal,True,False,False,False,False,True,False,False,False,True,1
38,17418,91030,normal,False,False,True,True,False,False,False,False,True,False,1
173,79575,88093,normal,True,False,False,True,False,False,False,True,False,False,1
213,18085,33438,normal,False,False,True,True,False,False,False,True,False,False,1
490,50568,28589,normal,True,False,False,False,False,False,True,False,False,True,1
143,89669,52263,anomaly,True,False,False,False,False,False,True,False,True,False,1
428,42612,49635,normal,False,True,False,False,False,False,True,True,False,False,1
315,37003,94639,normal,False,True,False,True,False,False,False,False,False,True,1
222,24489,32141,normal,True,False,False,False,False,False,True,False,True,False,1
330,17860,30549,normal,False,False,True,False,True,False,False,True,False,False,1
141,80361,93341,normal,False,True,False,False,False,False,True,True,False,False,1
29,18780,75494,normal,False,False,True,False,True,False,False,True,False,False,1
509,79524,36196,normal,False,True,False,True,False,False,False,False,True,False,1
877,93437,32733,normal,True,False,False,False,True,False,False,True,False,False,1
701,51301,39638,normal,False,False,True,False,True,False,False,False,False,True,1
966,18629,77590,normal,True,False,False,False,False,True,False,True,False,False,1
330,51303,3064,normal,False,True,False,False,False,True,False,False,False,True,1
256,35646,26724,normal,True,False,False,False,False,False,True,True,False,False,1
308,25030,15523,normal,True,False,False,False,False,False,True,False,False,True,1
812,83964,73496,normal,False,False,True,False,True,False,False,False,False,True,1
40,51262,33849,normal,False,False,True,False,False,True,False,False,False,True,1
958,5016,3497,normal,False,True,False,True,False,False,False,False,True,False,1
632,6210,71967,normal,False,True,False,False,False,False,True,False,True,False,1
937,30075,70929,normal,False,False,True,False,False,True,False,False,True,False,1
596,87442,50477,normal,False,False,True,False,True,False,False,False,True,False,1
541,65007,35228,normal,False,False,True,False,False,False,True,False,True,False,1
399,23062,2446,normal,False,True,False,False,True,False,False,False,False,True,1
63,65395,16856,normal,False,True,False,True,False,False,False,True,False,False,1
990,73830,53323,normal,True,False,False,False,False,True,False,False,False,True,1
679,15706,29705,normal,False,False,True,True,False,False,False,False,False,True,1
320,29817,60903,normal,False,False,True,False,False,False,True,False,False,True,1
616,75665,1505,normal,False,True,False,False,False,False,True,False,True,False,1
202,72813,12722,normal,True,False,False,True,False,False,False,False,False,True,1
271,51067,94126,normal,False,False,True,False,False,False,True,True,False,False,1
767,38696,73221,normal,False,True,False,False,True,False,False,True,False,False,1
592,92232,43058,normal,True,False,False,False,False,False,True,False,False,True,1
616,35614,98751,normal,False,True,False,False,True,False,False,False,True,False,1
987,97994,77017,normal,False,False,True,False,True,False,False,True,False,False,1
965,2246,95139,normal,False,True,False,False,True,False,False,False,True,False,1
360,3489,44809,normal,False,False,True,False,False,False,True,False,False,True,1
266,91472,80987,normal,True,False,False,False,True,False,False,False,True,False,1
214,2658,7120,anomaly,False,True,False,True,False,False,False,True,False,False,1
332,18312,60749,normal,False,True,False,False,True,False,False,False,False,True,1
583,57726,13721,normal,False,False,True,False,False,False,True,True,False,False,1
524,81995,81824,normal,False,True,False,False,False,False,True,True,False,False,1
242,89654,49386,normal,False,False,True,True,False,False,False,False,False,True,1
765,42508,9063,normal,True,False,False,False,True,False,False,False,True,False,1
190,3383,94378,normal,True,False,False,True,False,False,False,False,True,False,1
74,56988,99541,normal,False,False,True,False,False,False,True,True,False,False,1
321,66808,56424,normal,False,True,False,False,False,False,True,False,True,False,1
75,93899,2849,normal,True,False,False,False,True,False,False,True,False,False,1
789,69174,86527,normal,False,True,False,False,False,True,False,True,False,False,1
662,21379,7989,normal,True,False,False,False,False,False,True,False,False,True,1
187,90390,32346,normal,False,True,False,True,False,False,False,False,False,True,1
354,77894,65645,normal,False,False,True,False,False,True,False,True,False,False,1
825,66629,71433,normal,True,False,False,True,False,False,False,True,False,False,1
706,69569,14060,normal,False,True,False,True,False,False,False,False,False,True,1
345,79359,38030,normal,False,True,False,False,False,False,True,False,False,True,1
886,98951,48224,normal,False,False,True,False,True,False,False,False,True,False,1
681,25829,31222,normal,False,False,True,False,False,False,True,True,False,False,1
928,14765,48824,normal,False,False,True,True,False,False,False,True,False,False,1
29,90932,46646,normal,False,True,False,False,False,False,True,False,True,False,1
651,26459,70430,normal,False,True,False,False,False,True,False,True,False,False,1
356,22225,27969,normal,False,False,True,False,False,True,False,False,False,True,1
698,26699,70988,normal,False,True,False,False,False,True,False,False,True,False,1
532,87328,37111,normal,False,True,False,False,False,False,True,True,False,False,1
528,95481,55668,normal,True,False,False,True,False,False,False,False,True,False,1
213,46549,31616,anomaly,False,True,False,True,False,False,False,True,False,False,1
749,81855,26792,normal,True,False,False,True,False,False,False,False,True,False,1
751,48484,23337,normal,True,False,False,False,True,False,False,True,False,False,1
343,30324,91915,normal,True,False,False,False,False,True,False,False,False,True,1
857,5472,33883,normal,False,True,False,False,True,False,False,False,True,False,1
399,2196,81943,normal,True,False,False,False,True,False,False,False,True,False,1
605,90090,4572,normal,True,False,False,False,False,True,False,False,True,False,1
693,91560,16213,normal,True,False,False,False,True,False,False,False,True,False,1
377,74861,32478,normal,False,False,True,False,False,False,True,False,True,False,1
788,70446,32780,normal,False,True,False,False,False,True,False,True,False,False,1
350,91038,94093,normal,True,False,False,False,False,True,False,False,False,True,1
796,20236,36432,normal,False,False,True,False,False,True,False,False,False,True,1
924,35432,24395,normal,False,True,False,True,False,False,False,True,False,False,1
30,67024,30084,anomaly,True,False,False,False,False,False,True,False,False,True,1
991,64905,42692,normal,True,False,False,True,False,False,False,False,False,True,1
521,44179,25113,normal,True,False,False,False,False,True,False,False,True,False,1
575,451,30908,normal,False,False,True,True,False,False,False,False,False,True,1
8,82871,20981,normal,False,True,False,False,True,False,False,False,False,True,1
710,49834,31349,normal,False,True,False,False,True,False,False,False,True,False,1
622,42518,76236,normal,True,False,False,False,False,True,False,False,True,False,1
452,30709,2573,normal,False,False,True,True,False,False,False,True,False,False,1
432,30697,93637,anomaly,True,False,False,False,False,True,False,False,False,True,1
189,38227,85352,normal,False,False,True,False,True,False,False,False,True,False,1
600,49508,31066,normal,True,False,False,True,False,False,False,True,False,False,1
271,22314,5723,normal,False,True,False,False,False,True,False,False,False,True,1
797,96992,38043,normal,True,False,False,False,False,False,True,True,False,False,1
61,21576,78695,normal,False,False,True,False,True,False,False,False,True,False,1
790,7008,65956,normal,False,True,False,False,True,False,False,True,False,False,1
643,1416,92066,normal,False,True,False,False,True,False,False,False,True,False,1
190,71786,63820,normal,True,False,False,False,False,True,False,True,False,False,1
837,84975,96113,normal,False,True,False,False,False,False,True,False,False,True,1
394,68045,65933,anomaly,False,True,False,False,False,True,False,False,False,True,1
33,84413,22247,normal,True,False,False,True,False,False,False,True,False,False,1
81,54436,127,normal,False,False,True,True,False,False,False,False,True,False,1
827,9676,72568,normal,True,False,False,False,True,False,False,False,True,False,1
979,62699,77553,normal,False,True,False,False,False,False,True,False,True,False,1
411,2725,17715,normal,False,False,True,False,False,True,False,False,True,False,1
751,63214,87050,normal,True,False,False,False,False,False,True,False,False,True,1
711,87685,10367,normal,True,False,False,False,True,False,False,False,False,True,1
177,61598,552,normal,False,True,False,False,False,False,True,True,False,False,1
505,7072,41050,anomaly,False,True,False,True,False,False,False,False,True,False,1
718,53210,80532,normal,False,True,False,False,False,False,True,False,False,True,1
703,86629,88831,normal,False,True,False,False,False,True,False,False,True,False,1
789,9810,5588,normal,True,False,False,False,False,False,True,False,False,True,1
17,82148,41415,normal,False,True,False,False,False,False,True,True,False,False,1
198,81573,67141,anomaly,False,False,True,False,True,False,False,False,True,False,1
659,74260,96549,normal,True,False,False,False,True,False,False,True,False,False,1
393,21399,42646,anomaly,False,True,False,False,True,False,False,False,False,True,1
438,72867,73127,normal,True,False,False,False,True,False,False,False,True,False,1
508,26030,91632,normal,False,True,False,False,True,False,False,True,False,False,1
992,23034,3316,normal,False,False,True,False,False,True,False,False,False,True,1
52,29943,75458,normal,True,False,False,False,False,True,False,False,False,True,1
384,85497,53603,normal,False,False,True,True,False,False,False,False,True,False,1
2,42114,45394,normal,False,False,True,True,False,False,False,False,True,False,1
204,13193,54576,normal,True,False,False,True,False,False,False,True,False,False,1
956,85512,51127,normal,False,False,True,True,False,False,False,True,False,False,1
584,3885,59689,normal,False,False,True,False,False,True,False,False,True,False,1
330,25799,56132,normal,True,False,False,False,False,False,True,False,False,True,1
357,252,54857,normal,True,False,False,True,False,False,False,True,False,False,1
686,30830,90747,anomaly,True,False,False,False,True,False,False,False,True,False,1
603,77048,25557,normal,False,True,False,False,True,False,False,False,True,False,1
158,92948,45065,normal,False,False,True,True,False,False,False,True,False,False,1
433,97371,95254,normal,True,False,False,False,True,False,False,False,True,False,1
605,95162,63980,anomaly,False,False,True,False,True,False,False,False,False,True,1
240,64368,59686,normal,False,False,True,False,True,False,False,True,False,False,1
220,1821,29825,anomaly,False,False,True,False,True,False,False,False,True,False,1
166,94088,17682,normal,False,False,True,False,False,True,False,False,False,True,1
625,47583,63931,normal,True,False,False,False,False,False,True,True,False,False,1
762,74434,88761,normal,False,False,True,False,False,False,True,False,False,True,1
734,96841,12685,normal,False,True,False,True,False,False,False,True,False,False,1
55,30046,21191,normal,False,True,False,False,True,False,False,False,True,False,1
865,39848,43005,normal,False,True,False,False,False,False,True,False,True,False,1
749,55090,40659,normal,False,True,False,False,False,False,True,True,False,False,1
212,96787,38484,normal,False,False,True,False,False,False,True,False,False,True,1
237,63876,34622,normal,True,False,False,False,True,False,False,True,False,False,1
343,24619,69146,normal,False,False,True,True,False,False,False,True,False,False,1
538,62525,14256,normal,True,False,False,False,True,False,False,True,False,False,1
589,97976,21538,normal,True,False,False,True,False,False,False,True,False,False,1
211,18328,12016,normal,False,True,False,False,False,False,True,True,False,False,1
264,68829,11256,normal,False,True,False,False,False,True,False,True,False,False,1
41,20977,42845,normal,True,False,False,True,False,False,False,False,False,True,1
182,63641,35222,normal,False,False,True,False,False,True,False,True,False,False,1
125,56211,6,normal,True,False,False,False,False,False,True,False,True,False,1
419,69821,82239,normal,False,False,True,False,True,False,False,False,True,False,1
927,39051,18637,normal,False,True,False,False,True,False,False,False,True,False,1
617,88014,62102,normal,True,False,False,False,False,True,False,True,False,False,1
365,62764,58535,normal,False,True,False,False,False,False,True,True,False,False,1
481,48840,88243,anomaly,False,True,False,False,False,True,False,True,False,False,1
629,81308,20845,normal,False,True,False,True,False,False,False,False,True,False,1
590,53852,20200,normal,True,False,False,False,False,False,True,False,True,False,1
112,87148,71828,normal,True,False,False,True,False,False,False,False,False,True,1
316,42487,73237,normal,True,False,False,True,False,False,False,False,True,False,1
110,770,83048,normal,True,False,False,False,False,False,True,False,False,True,1
163,43108,56933,normal,False,False,True,False,True,False,False,False,True,False,1
495,86097,40784,normal,False,False,True,False,True,False,False,False,True,False,1
517,34211,81847,normal,False,True,False,False,False,True,False,False,True,False,1
351,77475,68058,normal,True,False,False,False,False,True,False,False,False,True,1
95,50018,56338,normal,True,False,False,False,True,False,False,False,True,False,1
290,88860,22611,normal,True,False,False,False,False,True,False,False,True,False,1
243,39604,26052,normal,True,False,False,True,False,False,False,False,True,False,1
438,87278,50614,normal,False,True,False,False,False,False,True,True,False,False,1
505,99671,73940,anomaly,False,True,False,False,False,True,False,True,False,False,1
583,15047,4867,normal,True,False,False,True,False,False,False,True,False,False,1
187,95306,72997,normal,False,True,False,False,False,False,True,False,False,True,1
326,65300,35343,normal,False,False,True,False,False,False,True,False,False,True,1
251,82466,38509,normal,True,False,False,True,False,False,False,False,False,True,1
924,85908,47058,normal,False,False,True,False,True,False,False,False,True,False,1
212,85569,92222,normal,False,True,False,False,False,True,False,True,False,False,1
579,96006,52771,normal,True,False,False,True,False,False,False,False,False,True,1
187,70273,6788,normal,False,True,False,False,False,True,False,True,False,False,1
717,35538,32687,normal,False,True,False,False,True,False,False,False,True,False,1
932,79062,96187,normal,True,False,False,False,True,False,False,True,False,False,1
825,64126,73730,normal,False,True,False,False,False,False,True,False,False,True,1
781,11746,84654,normal,True,False,False,False,False,False,True,False,True,False,1
629,30354,4098,normal,False,False,True,False,False,False,True,False,False,True,1
758,50247,5833,normal,False,False,True,True,False,False,False,True,False,False,1
737,3132,42487,normal,True,False,False,False,False,True,False,True,False,False,1
910,53689,43540,normal,False,True,False,False,True,False,False,False,False,True,1
27,27687,24080,normal,False,False,True,False,True,False,False,True,False,False,1
876,61496,50807,normal,False,False,True,True,False,False,False,False,False,True,1
236,5918,34340,normal,True,False,False,False,False,True,False,False,True,False,1
772,72581,24525,normal,False,True,False,False,True,False,False,True,False,False,1
595,56470,59547,normal,False,False,True,False,False,True,False,False,False,True,1
38,98871,10204,normal,False,False,True,True,False,False,False,False,False,True,1
837,85008,92226,normal,True,False,False,False,False,False,True,False,False,True,1
736,2231,9437,normal,False,True,False,True,False,False,False,False,True,False,1
627,43227,97687,normal,False,False,True,False,True,False,False,True,False,False,1
7,90558,40084,normal,False,True,False,True,False,False,False,False,False,True,1
705,80955,98230,normal,False,True,False,True,False,False,False,False,False,True,1
247,4551,33239,normal,False,True,False,False,False,True,False,False,False,True,1
580,86849,4028,normal,False,False,True,True,False,False,False,False,False,True,1
265,30224,96776,normal,True,False,False,False,False,False,True,True,False,False,1
817,48866,50850,normal,False,False,True,False,False,True,False,False,True,False,1
175,85703,98095,normal,False,True,False,False,True,False,False,False,False,True,1
303,12991,89346,anomaly,False,False,True,False,False,False,True,False,False,True,1
965,368,85303,normal,False,False,True,False,False,False,True,False,False,True,1
947,86745,27062,normal,False,True,False,False,True,False,False,False,False,True,1
223,64237,29869,normal,True,False,False,True,False,False,False,False,True,False,1
223,54654,37364,normal,True,False,False,False,True,False,False,True,False,False,1
942,85723,96562,normal,False,True,False,False,False,False,True,False,True,False,1
942,14631,48934,normal,False,True,False,True,False,False,False,False,False,True,1
397,67967,40401,normal,False,False,True,False,False,True,False,False,False,True,1
97,12789,44008,normal,False,False,True,False,True,False,False,True,False,False,1
649,88347,56524,normal,False,False,True,False,False,True,False,False,True,False,1
970,62444,11074,normal,False,False,True,False,False,False,True,False,False,True,1
144,49856,97697,normal,False,True,False,False,False,False,True,True,False,False,1
388,57288,20051,normal,False,False,True,True,False,False,False,False,False,True,1
282,86757,39210,normal,False,False,True,False,True,False,False,True,False,False,1
735,1901,89743,normal,False,True,False,False,False,True,False,False,False,True,1
216,37956,53303,normal,False,True,False,False,False,False,True,True,False,False,1
652,96191,9782,normal,False,True,False,True,False,False,False,True,False,False,1
767,71408,7229,normal,False,True,False,False,True,False,False,False,False,True,1
514,91290,73754,normal,False,False,True,False,True,False,False,True,False,False,1
738,62097,7479,normal,True,False,False,False,True,False,False,False,False,True,1
832,66795,59252,normal,False,False,True,True,False,False,False,False,False,True,1
238,8757,63751,normal,False,True,False,False,False,True,False,True,False,False,1
477,10561,78638,normal,True,False,False,True,False,False,False,False,False,True,1
316,13925,89174,normal,False,False,True,False,False,True,False,False,True,False,1
790,88243,3187,normal,False,False,True,False,False,True,False,False,True,False,1
329,30862,62139,anomaly,False,False,True,True,False,False,False,True,False,False,1
315,33030,60042,normal,True,False,False,True,False,False,False,False,False,True,1
143,99230,11246,normal,True,False,False,False,True,False,False,False,False,True,1
900,18764,16088,normal,False,False,True,False,False,False,True,False,True,False,1
206,59450,8584,normal,False,True,False,True,False,False,False,True,False,False,1
849,36377,41425,normal,False,True,False,False,False,True,False,False,True,False,1
396,40407,44170,normal,False,False,True,False,False,True,False,False,False,True,1
935,26674,7141,normal,False,True,False,False,False,True,False,False,False,True,1
516,15679,6756,normal,False,False,True,True,False,False,False,True,False,False,1
776,54959,52097,normal,True,False,False,False,False,False,True,False,False,True,1
855,53732,33545,normal,False,False,True,False,False,True,False,True,False,False,1
148,85412,41742,normal,False,False,True,True,False,False,False,False,True,False,1
312,70355,24019,normal,False,False,True,False,False,False,True,False,False,True,1
892,13217,42081,normal,False,True,False,False,True,False,False,False,False,True,1
927,80098,98966,normal,True,False,False,False,False,True,False,False,False,True,1
777,47692,76472,normal,False,False,True,False,False,False,True,False,False,True,1
358,74601,36952,normal,False,True,False,False,False,True,False,False,True,False,1
489,21827,29511,normal,False,True,False,False,True,False,False,False,True,False,1
228,66223,42198,normal,False,False,True,False,False,True,False,False,True,False,1
252,79959,60268,normal,True,False,False,False,True,False,False,False,True,False,1
90,77535,99672,normal,False,True,False,True,False,False,False,False,False,True,1
277,31415,38635,normal,True,False,False,False,False,False,True,True,False,False,1
863,18996,2701,normal,True,False,False,False,True,False,False,True,False,False,1
281,78242,94877,normal,False,False,True,False,True,False,False,False,False,True,1
555,73518,76550,normal,False,False,True,False,True,False,False,True,False,False,1
614,14495,38141,normal,False,True,False,False,False,False,True,False,False,True,1
200,79846,54164,normal,False,True,False,False,False,True,False,False,True,False,1
363,107,76108,normal,False,False,True,False,True,False,False,False,True,False,1
627,79645,66209,normal,False,False,True,False,True,False,False,True,False,False,1
850,28346,8187,normal,False,False,True,False,True,False,False,True,False,False,1
519,7098,98496,normal,False,True,False,False,True,False,False,False,False,True,1
808,16121,8277,normal,True,False,False,False,False,False,True,False,False,True,1
29,68255,54591,normal,True,False,False,False,True,False,False,False,False,True,1
972,11376,13103,normal,False,False,True,False,False,False,True,True,False,False,1
159,22398,64260,normal,False,False,True,False,True,False,False,False,False,True,1
512,74357,81626,normal,True,False,False,False,True,False,False,False,True,False,1
895,43170,12197,normal,False,True,False,False,False,False,True,True,False,False,1
731,87280,13234,normal,True,False,False,False,False,True,False,False,True,False,1
338,4417,39203,normal,False,False,True,True,False,False,False,True,False,False,1
721,99153,68539,normal,False,True,False,False,False,False,True,False,False,True,1
120,30315,6236,normal,True,False,False,False,False,False,True,False,False,True,1
563,53743,2924,normal,False,False,True,False,False,True,False,True,False,False,1
143,47810,14317,normal,False,False,True,True,False,False,False,True,False,False,1
526,59503,89642,normal,False,False,True,False,False,True,False,False,False,True,1
287,98806,23891,normal,True,False,False,False,False,False,True,False,False,True,1
540,32785,42685,normal,True,False,False,True,False,False,False,True,False,False,1
879,46657,69217,normal,False,True,False,False,True,False,False,False,False,True,1
735,93807,70761,normal,True,False,False,True,False,False,False,False,True,False,1
484,89365,93012,normal,False,False,True,False,True,False,False,False,False,True,1
354,61576,57146,anomaly,False,True,False,False,False,True,False,True,False,False,1
585,27735,23372,anomaly,True,False,False,False,True,False,False,True,False,False,1
594,96233,37465,normal,False,True,False,True,False,False,False,False,False,True,1
623,53641,59886,normal,True,False,False,True,False,False,False,False,False,True,1
606,43770,61166,normal,False,True,False,True,False,False,False,True,False,False,1
200,57377,85746,normal,True,False,False,False,False,True,False,True,False,False,1
310,88058,81147,normal,False,False,True,False,False,True,False,True,False,False,1
683,69658,96969,normal,False,False,True,False,False,False,True,True,False,False,1
409,26778,611,normal,False,False,True,False,False,False,True,False,True,False,1
824,20403,71335,normal,False,True,False,False,False,False,True,False,True,False,1
497,51028,48895,normal,True,False,False,True,False,False,False,False,True,False,1
15,29531,6019,normal,False,True,False,False,True,False,False,False,False,True,1
894,53092,38193,normal,False,True,False,True,False,False,False,True,False,False,1
603,69917,75310,normal,False,True,False,False,True,False,False,True,False,False,1
329,89886,73301,normal,True,False,False,False,False,True,False,False,False,True,1
259,8044,37994,anomaly,False,False,True,False,False,True,False,False,False,True,1
778,67546,9468,anomaly,False,False,True,False,True,False,False,False,True,False,1
481,73557,87480,normal,False,False,True,False,True,False,False,False,False,True,1
74,86199,10414,normal,False,True,False,False,False,True,False,False,False,True,1
703,24711,91649,normal,False,False,True,False,True,False,False,True,False,False,1
614,43757,4959,normal,False,False,True,False,True,False,False,False,False,True,1
828,46278,35958,normal,False,True,False,False,True,False,False,False,True,False,1
401,98956,65427,normal,True,False,False,True,False,False,False,False,True,False,1
713,83326,13026,normal,False,True,False,False,False,False,True,False,False,True,1
289,76372,59648,normal,False,True,False,False,False,False,True,True,False,False,1
99,17907,63074,normal,False,False,True,False,True,False,False,False,False,True,1
560,80523,6111,normal,True,False,False,True,False,False,False,False,True,False,1
671,19455,18055,normal,False,True,False,False,True,False,False,False,False,True,1
356,85626,8856,normal,False,False,True,False,True,False,False,True,False,False,1
998,76273,54655,normal,False,True,False,False,True,False,False,False,False,True,1
585,28451,24997,normal,False,True,False,True,False,False,False,False,False,True,1
551,88385,65576,normal,False,False,True,False,True,False,False,False,False,True,1
830,31587,72240,normal,False,True,False,True,False,False,False,True,False,False,1
615,89952,17096,normal,True,False,False,True,False,False,False,True,False,False,1
500,55434,45970,normal,True,False,False,False,True,False,False,False,True,False,1
933,77850,47907,normal,False,False,True,False,False,True,False,False,False,True,1
711,32845,49179,anomaly,False,True,False,True,False,False,False,True,False,False,1
286,95455,52989,normal,False,False,True,False,False,True,False,True,False,False,1
261,55387,35115,normal,True,False,False,True,False,False,False,True,False,False,1
634,98810,98836,normal,False,False,True,True,False,False,False,True,False,False,1
25,38495,90569,normal,False,True,False,True,False,False,False,False,True,False,1
539,37818,79623,anomaly,True,False,False,False,False,False,True,False,True,False,1
998,73818,59996,normal,True,False,False,False,False,True,False,False,False,True,1
869,66059,40132,normal,True,False,False,True,False,False,False,False,True,False,1
192,66871,64640,normal,False,False,True,True,False,False,False,True,False,False,1
477,797,99665,normal,True,False,False,True,False,False,False,True,False,False,1
579,78126,6046,normal,False,True,False,False,False,False,True,True,False,False,1
669,20016,3574,normal,False,False,True,False,False,True,False,False,False,True,1
856,709,56356,normal,True,False,False,False,False,True,False,True,False,False,1
93,5981,30625,normal,True,False,False,False,False,False,True,False,True,False,1
480,28586,52812,normal,False,True,False,True,False,False,False,False,False,True,1
256,88028,59155,anomaly,False,True,False,False,True,False,False,True,False,False,1
695,2095,84561,normal,True,False,False,False,True,False,False,False,True,False,1
487,13557,9998,normal,False,False,True,False,False,True,False,False,True,False,1
253,52325,77040,normal,False,True,False,False,True,False,False,True,False,False,1
750,75120,93934,normal,False,False,True,False,True,False,False,False,False,True,1
402,84400,42113,normal,False,False,True,False,True,False,False,False,False,True,1
878,12163,8698,normal,True,False,False,False,False,True,False,False,True,False,1
24,95113,80746,normal,False,True,False,False,False,True,False,True,False,False,1
666,41713,28098,normal,True,False,False,False,True,False,False,False,True,False,1
294,75493,51884,normal,False,True,False,False,False,True,False,True,False,False,1
115,6758,77118,normal,True,False,False,True,False,False,False,True,False,False,1
903,94330,51141,anomaly,False,False,True,True,False,False,False,True,False,False,1
305,20062,56811,normal,False,True,False,True,False,False,False,False,False,True,1
726,91205,13488,normal,False,False,True,False,False,True,False,False,True,False,1
576,67705,95463,normal,False,False,True,False,False,False,True,False,True,False,1
194,57015,26267,normal,True,False,False,False,False,True,False,True,False,False,1
171,68054,91306,normal,False,False,True,False,False,True,False,False,True,False,1
984,72619,39814,normal,False,False,True,False,False,True,False,False,False,True,1
76,47182,18035,normal,False,False,True,False,False,True,False,False,False,True,1
826,45114,66175,normal,False,True,False,False,False,True,False,False,False,True,1
196,81089,5669,normal,False,True,False,False,True,False,False,False,True,False,1
461,62768,57075,normal,False,True,False,False,False,False,True,False,True,False,1
636,48302,33977,normal,True,False,False,True,False,False,False,True,False,False,1
554,61361,72815,normal,True,False,False,False,False,True,False,False,True,False,1
57,89154,13326,anomaly,True,False,False,True,False,False,False,False,True,False,1
105,66137,88036,normal,True,False,False,True,False,False,False,True,False,False,1
452,25061,11536,normal,False,False,True,False,True,False,False,True,False,False,1
296,86504,29604,anomaly,True,False,False,False,False,False,True,False,False,True,1
295,85553,71313,normal,False,False,True,False,False,True,False,False,False,True,1
82,99881,11047,normal,False,False,True,False,False,False,True,False,True,False,1
825,34841,77280,normal,False,True,False,False,False,False,True,False,False,True,1
542,20815,82287,normal,False,False,True,False,False,False,True,False,False,True,1
0,94029,82155,normal,False,True,False,True,False,False,False,False,False,True,1
387,83825,25209,normal,True,False,False,False,False,True,False,False,True,False,1
920,98197,50222,anomaly,False,False,True,False,False,False,True,True,False,False,1
287,74691,12066,normal,False,True,False,False,False,False,True,False,False,True,1
466,51632,23353,normal,False,True,False,False,False,False,True,True,False,False,1
6,53232,75609,normal,False,False,True,False,False,False,True,False,False,True,1
206,91721,78254,normal,False,False,True,False,True,False,False,False,True,False,1
869,70876,17761,normal,True,False,False,False,False,True,False,False,True,False,1
204,84918,34513,normal,True,False,False,False,False,False,True,False,False,True,1
417,53128,19588,normal,False,False,True,False,False,False,True,False,True,False,1
329,69275,35345,normal,False,False,True,False,False,True,False,True,False,False,1
317,56798,63179,normal,False,True,False,False,False,False,True,False,False,True,1
613,66357,75247,normal,False,False,True,True,False,False,False,False,True,False,1
294,30754,55788,normal,True,False,False,True,False,False,False,True,False,False,1
988,28022,25979,normal,False,False,True,True,False,False,False,False,False,True,1
375,72868,99305,normal,False,False,True,True,False,False,False,False,True,False,1
493,45976,99068,normal,False,True,False,False,False,False,True,False,True,False,1
645,97713,75093,normal,False,True,False,True,False,False,False,True,False,False,1
699,60363,88189,normal,False,True,False,False,True,False,False,True,False,False,1
574,13547,31687,normal,False,True,False,True,False,False,False,True,False,False,1
591,81258,43215,normal,False,True,False,True,False,False,False,True,False,False,1
710,60057,49780,normal,False,True,False,False,False,True,False,True,False,False,1
441,93794,64258,normal,False,True,False,False,False,False,True,False,False,True,1
620,10214,55658,normal,False,True,False,True,False,False,False,False,False,True,1
806,4084,68839,normal,False,True,False,False,False,True,False,False,True,False,1
127,80296,44796,normal,True,False,False,True,False,False,False,False,True,False,1
892,55853,58436,normal,True,False,False,False,True,False,False,False,False,True,1
502,39439,3804,normal,False,True,False,False,False,False,True,False,True,False,1
164,34864,99326,normal,False,True,False,False,False,True,False,False,False,True,1
943,6122,12043,normal,False,True,False,True,False,False,False,True,False,False,1
31,94070,9554,normal,False,True,False,False,True,False,False,False,True,False,1
584,4734,41817,normal,True,False,False,True,False,False,False,True,False,False,1
264,41985,88477,normal,False,False,True,True,False,False,False,True,False,False,1
943,75932,41460,normal,False,False,True,False,True,False,False,True,False,False,1
796,27812,19251,normal,False,True,False,True,False,False,False,False,True,False,1
516,92926,21857,anomaly,False,True,False,False,False,False,True,True,False,False,1
648,93933,14932,normal,False,True,False,True,False,False,False,False,True,False,1
638,12158,4044,normal,False,True,False,False,False,False,True,False,True,False,1
863,8461,60236,normal,True,False,False,False,False,False,True,False,False,True,1
182,35427,93783,normal,True,False,False,False,True,False,False,False,False,True,1
193,47149,45950,normal,False,False,True,False,True,False,False,False,False,True,1
62,84507,42554,normal,False,False,True,True,False,False,False,True,False,False,1
910,47982,56244,normal,False,False,True,True,False,False,False,True,False,False,1
977,31418,8831,normal,False,False,True,False,False,False,True,False,False,True,1
315,38955,5614,normal,False,True,False,False,False,False,True,False,True,False,1
80,29190,26594,normal,True,False,False,False,False,True,False,False,False,True,1
833,64491,5492,normal,True,False,False,False,True,False,False,False,False,True,1
527,27934,38529,anomaly,True,False,False,True,False,False,False,False,True,False,1
503,76426,53234,normal,False,True,False,True,False,False,False,False,False,True,1
162,72445,15109,normal,False,False,True,False,False,False,True,False,False,True,1
990,35682,56213,normal,False,True,False,False,False,True,False,False,False,True,1
756,40396,41895,normal,True,False,False,False,True,False,False,False,False,True,1
336,31511,42502,normal,False,True,False,False,False,False,True,False,False,True,1
493,4089,92923,normal,False,False,True,False,True,False,False,True,False,False,1
954,99700,87642,normal,True,False,False,True,False,False,False,False,True,False,1
946,99560,97024,normal,True,False,False,True,False,False,False,False,True,False,1
428,30819,65389,normal,False,False,True,True,False,False,False,False,True,False,1
134,51859,50163,normal,False,False,True,False,True,False,False,False,False,True,1
532,98045,40449,normal,False,True,False,False,False,True,False,False,True,False,1
357,2121,11806,anomaly,False,True,False,True,False,False,False,False,False,True,1
128,51223,37224,normal,False,True,False,True,False,False,False,False,False,True,1
686,31507,1268,normal,False,False,True,False,True,False,False,False,True,False,1
714,93521,91993,normal,False,True,False,False,False,False,True,False,True,False,1
545,69984,11055,normal,False,False,True,False,False,True,False,True,False,False,1
769,23905,59078,anomaly,False,True,False,False,False,True,False,False,True,False,1
442,47528,22963,normal,False,True,False,True,False,False,False,False,True,False,1
916,4185,65161,normal,False,False,True,False,True,False,False,False,True,False,1
479,50012,3151,normal,True,False,False,False,False,True,False,True,False,False,1
35,8122,4320,normal,False,True,False,False,False,False,True,True,False,False,1
752,83070,71802,normal,False,True,False,False,False,True,False,True,False,False,1
713,10046,3231,normal,False,False,True,False,True,False,False,False,False,True,1
585,67489,89723,normal,False,False,True,False,True,False,False,True,False,False,1
894,64553,64856,anomaly,True,False,False,True,False,False,False,False,False,True,1
639,50018,6623,normal,False,True,False,False,False,False,True,False,True,False,1
404,77802,72511,normal,True,False,False,False,False,False,True,True,False,False,1
753,69032,74685,normal,True,False,False,False,True,False,False,False,False,True,1
386,37225,62074,normal,False,False,True,False,True,False,False,False,False,True,1
255,71240,37120,normal,False,False,True,True,False,False,False,False,True,False,1
321,23526,59999,normal,False,False,True,False,False,False,True,True,False,False,1
421,31955,9242,normal,False,False,True,True,False,False,False,True,False,False,1
865,25086,17689,normal,False,True,False,True,False,False,False,False,False,True,1
316,68837,72440,normal,True,False,False,True,False,False,False,True,False,False,1
996,53625,63439,normal,False,False,True,False,True,False,False,False,True,False,1
681,79064,4871,normal,False,False,True,False,True,False,False,True,False,False,1
599,55741,47346,normal,False,True,False,False,True,False,False,True,False,False,1
302,83634,80128,normal,False,False,True,False,False,True,False,False,False,True,1
551,70213,10780,normal,False,True,False,False,False,False,True,False,False,True,1
215,62280,46906,normal,False,False,True,False,False,True,False,True,False,False,1
585,844,90446,normal,False,False,True,True,False,False,False,False,False,True,1
257,50018,82473,normal,False,False,True,False,False,True,False,False,True,False,1
447,92749,69816,normal,False,True,False,False,False,False,True,False,False,True,1
627,51391,38243,normal,True,False,False,False,True,False,False,True,False,False,1
773,56279,44693,anomaly,True,False,False,True,False,False,False,False,False,True,1
597,97687,78257,normal,False,True,False,False,True,False,False,False,True,False,1
201,59895,97729,normal,True,False,False,False,False,False,True,False,True,False,1
468,82458,47867,normal,False,False,True,False,False,False,True,False,False,True,1
163,60943,9526,anomaly,True,False,False,True,False,False,False,False,False,True,1
369,23208,61968,normal,False,True,False,False,False,False,True,False,False,True,1
206,26804,29967,normal,False,True,False,False,True,False,False,False,False,True,1
740,28479,97291,anomaly,True,False,False,False,False,False,True,True,False,False,1
410,19616,86452,normal,False,False,True,False,True,False,False,False,True,False,1
491,41732,80204,normal,False,False,True,False,False,False,True,True,False,False,1
371,45081,55260,normal,True,False,False,True,False,False,False,False,False,True,1
202,58138,22582,normal,False,True,False,False,True,False,False,True,False,False,1
911,85051,26980,normal,True,False,False,False,False,False,True,False,False,True,1
686,61958,12318,normal,True,False,False,False,True,False,False,True,False,False,1
895,98457,55397,normal,True,False,False,False,True,False,False,True,False,False,1
121,17317,30483,normal,False,False,True,True,False,False,False,False,False,True,1
503,59102,88605,anomaly,True,False,False,False,False,False,True,False,True,False,1
392,2839,22766,normal,True,False,False,False,True,False,False,False,False,True,1
582,47199,39493,normal,False,True,False,True,False,False,False,True,False,False,1
926,58534,47690,normal,True,False,False,False,True,False,False,False,True,False,1
775,62535,74134,normal,False,True,False,False,False,False,True,False,False,True,1
297,20463,72458,normal,False,False,True,False,False,True,False,False,False,True,1
37,25650,71055,normal,False,False,True,False,True,False,False,False,False,True,1
404,51809,17963,normal,True,False,False,False,True,False,False,True,False,False,1
870,53191,61060,normal,False,False,True,False,True,False,False,False,False,True,1
747,32897,61032,normal,True,False,False,False,False,False,True,False,True,False,1
854,82232,81018,anomaly,True,False,False,True,False,False,False,False,False,True,1
949,36496,4319,normal,True,False,False,False,False,False,True,True,False,False,1
244,95256,11810,normal,False,True,False,False,False,True,False,False,True,False,1
79,54984,85590,anomaly,True,False,False,False,True,False,False,True,False,False,1
504,86714,5186,normal,False,True,False,False,False,True,False,True,False,False,1
944,81546,88193,normal,False,True,False,False,False,False,True,False,True,False,1
385,84947,23921,normal,True,False,False,False,False,False,True,False,True,False,1
713,85979,58724,anomaly,False,False,True,False,True,False,False,False,False,True,1
763,54876,28081,normal,False,False,True,True,False,False,False,True,False,False,1
194,5334,49287,normal,False,False,True,False,True,False,False,False,True,False,1
458,23598,86891,normal,False,False,True,True,False,False,False,False,False,True,1
99,68183,68417,normal,True,False,False,True,False,False,False,False,True,False,1
655,96773,85346,normal,True,False,False,False,False,True,False,True,False,False,1
872,31588,4071,normal,False,True,False,False,True,False,False,False,True,False,1
527,62626,61919,normal,False,True,False,False,True,False,False,False,True,False,1
269,6490,39815,normal,False,True,False,False,False,True,False,True,False,False,1
832,42964,60339,anomaly,True,False,False,False,True,False,False,False,False,True,1
632,18470,27445,normal,False,False,True,False,True,False,False,False,True,False,1
604,45695,32406,normal,False,True,False,False,False,True,False,False,False,True,1
343,5669,22913,normal,False,False,True,True,False,False,False,False,False,True,1
58,30175,76020,normal,True,False,False,False,True,False,False,False,False,True,1
145,20287,71978,normal,False,True,False,True,False,False,False,False,True,False,1
391,72572,15658,normal,False,False,True,False,True,False,False,True,False,False,1
861,22705,30444,normal,True,False,False,False,False,True,False,True,False,False,1
961,39008,69585,anomaly,False,True,False,True,False,False,False,False,True,False,1
600,6826,411,normal,False,True,False,False,True,False,False,False,True,False,1
484,33099,58422,normal,False,True,False,False,False,True,False,False,True,False,1
531,93083,1727,normal,False,True,False,False,False,True,False,False,False,True,1
440,19406,74131,normal,False,False,True,False,False,True,False,False,True,False,1
719,60758,97464,normal,False,True,False,False,True,False,False,True,False,False,1
341,51240,33159,normal,False,True,False,False,True,False,False,False,False,True,1
407,61769,74252,normal,False,False,True,True,False,False,False,False,False,True,1
71,69219,83501,anomaly,True,False,False,False,False,True,False,False,True,False,1
696,79885,81442,normal,False,True,False,True,False,False,False,False,True,False,1
337,19918,47284,normal,True,False,False,False,True,False,False,False,False,True,1
620,6300,3779,normal,True,False,False,False,True,False,False,False,False,True,1
290,4322,63999,normal,False,False,True,False,True,False,False,False,False,True,1
778,16244,50839,anomaly,False,False,True,False,True,False,False,False,False,True,1
396,30082,97995,normal,False,False,True,False,False,False,True,False,True,False,1
369,64700,87396,normal,True,False,False,False,False,True,False,False,False,True,1
931,22663,78107,normal,True,False,False,False,True,False,False,False,True,False,1
482,93464,65294,normal,True,False,False,False,False,False,True,False,True,False,1
941,48550,24070,normal,False,True,False,True,False,False,False,False,True,False,1
895,58091,94669,normal,False,False,True,False,True,False,False,False,False,True,1
698,60472,71060,normal,False,False,True,True,False,False,False,False,True,False,1
93,15677,72169,anomaly,False,False,True,False,False,False,True,False,False,True,1
11,4249,54910,normal,False,True,False,False,False,True,False,True,False,False,1
185,51615,3364,normal,False,False,True,True,False,False,False,True,False,False,1
852,55233,6336,normal,False,True,False,True,False,False,False,False,True,False,1
15,68568,84366,normal,False,True,False,False,False,True,False,False,False,True,1
917,30466,596,normal,True,False,False,True,False,False,False,False,False,True,1
690,63665,44673,normal,False,False,True,False,False,True,False,False,False,True,1
935,66704,31574,normal,True,False,False,False,False,True,False,False,False,True,1
56,12992,80667,normal,True,False,False,False,False,False,True,False,True,False,1
527,32443,29369,normal,False,True,False,False,True,False,False,True,False,False,1
41,91728,51614,normal,True,False,False,False,False,False,True,True,False,False,1
339,32904,7570,normal,False,True,False,False,False,False,True,False,False,True,1
339,64910,66936,normal,True,False,False,False,False,True,False,False,True,False,1
280,43771,59972,normal,True,False,False,False,False,True,False,False,False,True,1
163,67498,41687,normal,True,False,False,True,False,False,False,False,True,False,1
622,65062,20709,normal,True,False,False,True,False,False,False,False,True,False,1
448,23639,38824,normal,False,False,True,True,False,False,False,False,False,True,1
809,23635,70663,normal,False,False,True,False,True,False,False,False,False,True,1
283,13473,99361,normal,False,True,False,True,False,False,False,True,False,False,1
464,91466,79581,normal,False,True,False,True,False,False,False,True,False,False,1
11,95859,50190,normal,True,False,False,False,True,False,False,True,False,False,1
603,51809,4023,normal,False,True,False,False,True,False,False,False,True,False,1
131,84802,30838,normal,True,False,False,True,False,False,False,False,False,True,1
754,86041,50586,anomaly,False,True,False,False,False,False,True,True,False,False,1
958,75125,89219,normal,False,False,True,False,True,False,False,False,True,False,1
121,99934,47278,normal,False,True,False,False,False,True,False,False,False,True,1
228,85335,59047,normal,True,False,False,True,False,False,False,True,False,False,1
20,85206,54389,normal,False,False,True,False,False,False,True,False,False,True,1
681,21876,64085,normal,False,True,False,True,False,False,False,False,True,False,1
819,73160,10167,normal,False,False,True,True,False,False,False,True,False,False,1
712,39984,17242,normal,False,True,False,False,True,False,False,True,False,False,1
884,23456,37654,normal,True,False,False,True,False,False,False,True,False,False,1
601,69870,27363,normal,True,False,False,False,True,False,False,False,True,False,1
46,26,31623,normal,False,False,True,False,False,True,False,True,False,False,1
396,4178,49397,anomaly,False,False,True,False,False,True,False,True,False,False,1
83,72409,37769,normal,True,False,False,False,True,False,False,False,False,True,1
470,41307,11873,normal,False,False,True,False,False,True,False,True,False,False,1
525,8727,30532,normal,True,False,False,False,False,True,False,True,False,False,1
86,27562,52659,normal,True,False,False,False,False,True,False,False,True,False,1
657,70954,22742,normal,False,True,False,False,True,False,False,False,True,False,1
72,76733,81352,normal,False,False,True,True,False,False,False,False,True,False,1
471,40558,58720,normal,False,True,False,True,False,False,False,False,True,False,1
462,36501,13191,normal,True,False,False,False,False,False,True,True,False,False,1
924,23472,46340,normal,False,True,False,False,False,False,True,True,False,False,1
347,20320,72976,normal,True,False,False,False,False,False,True,False,True,False,1
346,28575,80209,normal,False,False,True,True,False,False,False,True,False,False,1
786,8932,67408,normal,False,False,True,True,False,False,False,False,True,False,1
971,81098,41783,normal,True,False,False,True,False,False,False,False,True,False,1
387,91767,78740,anomaly,True,False,False,False,False,False,True,False,True,False,1
332,81302,46743,normal,True,False,False,True,False,False,False,False,True,False,1
816,46689,96890,normal,True,False,False,False,True,False,False,True,False,False,1
256,87341,61966,normal,False,False,True,False,False,True,False,False,True,False,1
624,964,13480,normal,False,False,True,False,True,False,False,False,False,True,1
92,85699,64361,normal,False,False,True,False,True,False,False,True,False,False,1
59,76376,13628,normal,False,True,False,False,False,False,True,False,True,False,1
245,85377,76566,anomaly,True,False,False,True,False,False,False,False,True,False,1
532,89141,9094,normal,True,False,False,False,True,False,False,False,False,True,1
913,70864,85536,normal,False,False,True,True,False,False,False,False,False,True,1
943,64036,71077,normal,False,True,False,False,False,False,True,False,True,False,1
479,99385,26753,normal,False,False,True,False,False,False,True,True,False,False,1
358,11436,39296,normal,True,False,False,False,False,False,True,False,True,False,1
862,10498,32704,normal,True,False,False,False,True,False,False,True,False,False,1
877,64326,19108,anomaly,False,True,False,False,True,False,False,False,False,True,1
919,18967,40718,anomaly,False,False,True,False,False,True,False,False,False,True,1
900,16886,59986,normal,False,False,True,False,False,False,True,False,False,True,1
48,736,54424,normal,False,True,False,False,True,False,False,False,False,True,1
584,86406,78942,anomaly,True,False,False,False,True,False,False,False,True,False,1
585,47172,69424,anomaly,False,True,False,False,False,False,True,True,False,False,1
747,13883,30519,normal,False,True,False,True,False,False,False,False,True,False,1
881,53438,94911,normal,False,False,True,False,False,True,False,False,False,True,1
628,37856,77849,normal,True,False,False,False,True,False,False,True,False,False,1
349,28758,73352,normal,False,False,True,True,False,False,False,False,False,True,1
404,21371,72919,anomaly,False,False,True,False,True,False,False,False,True,False,1
399,12321,67055,normal,False,True,False,False,False,True,False,False,True,False,1
73,65751,53167,normal,False,True,False,True,False,False,False,False,False,True,1
317,79923,89085,anomaly,True,False,False,False,True,False,False,False,False,True,1
26,55020,39752,anomaly,False,False,True,False,False,True,False,False,True,False,1
652,69966,31026,normal,False,False,True,False,False,False,True,False,False,True,1
637,75350,69339,normal,False,True,False,True,False,False,False,False,True,False,1
90,27703,72925,normal,False,True,False,False,False,True,False,True,False,False,1
845,85507,78677,normal,True,False,False,False,False,False,True,False,False,True,1
496,84349,26073,normal,False,True,False,False,False,True,False,True,False,False,1
630,12363,49678,anomaly,False,True,False,False,True,False,False,True,False,False,1
383,33660,27036,normal,False,False,True,False,False,True,False,False,False,True,1
965,42850,81639,normal,False,False,True,True,False,False,False,False,False,True,1
444,71124,24905,normal,False,False,True,True,False,False,False,False,False,True,1
238,17321,46249,normal,False,False,True,True,False,False,False,True,False,False,1
571,62601,61283,normal,True,False,False,False,False,False,True,False,False,True,1
423,58955,67974,normal,False,False,True,False,True,False,False,False,False,True,1
133,47645,82038,normal,False,True,False,False,True,False,False,False,False,True,1
68,56694,42067,normal,False,False,True,False,False,True,False,False,True,False,1
886,37585,40320,normal,False,True,False,False,True,False,False,False,False,True,1
449,1881,49961,normal,False,True,False,False,False,True,False,False,False,True,1
880,91020,76800,normal,True,False,False,False,False,False,True,False,False,True,1
643,1625,86627,normal,False,True,False,False,False,True,False,True,False,False,1
381,49889,14703,anomaly,False,True,False,False,False,True,False,True,False,False,1
88,61371,2525,normal,True,False,False,False,False,False,True,True,False,False,1
46,90717,87442,normal,False,True,False,False,False,True,False,True,False,False,1
494,1017,29021,normal,False,True,False,False,False,True,False,True,False,False,1
183,66321,75076,normal,False,False,True,False,False,True,False,False,True,False,1
275,76192,64507,normal,True,False,False,False,True,False,False,False,True,False,1
803,12040,54207,normal,True,False,False,False,False,True,False,True,False,False,1
944,60222,86938,normal,True,False,False,False,False,True,False,False,False,True,1
876,44475,44342,normal,False,True,False,False,False,True,False,False,True,False,1
549,91969,87340,normal,True,False,False,False,False,True,False,True,False,False,1
748,79019,49078,normal,False,False,True,False,False,True,False,True,False,False,1
780,11673,55201,normal,False,False,True,True,False,False,False,False,True,False,1
470,34696,99034,normal,False,False,True,False,False,False,True,False,True,False,1
959,94103,70327,normal,False,False,True,True,False,False,False,False,False,True,1
257,19690,78297,normal,False,True,False,True,False,False,False,False,True,False,1
108,29655,20770,normal,True,False,False,False,True,False,False,True,False,False,1
325,75895,65608,normal,True,False,False,True,False,False,False,False,False,True,1
619,44663,17283,normal,False,True,False,True,False,False,False,True,False,False,1
28,7353,15517,normal,True,False,False,True,False,False,False,False,True,False,1
676,46369,95590,normal,True,False,False,True,False,False,False,True,False,False,1
166,88320,70218,normal,True,False,False,False,False,True,False,False,True,False,1
216,3340,52142,normal,True,False,False,False,False,True,False,False,False,True,1
998,76981,85057,normal,True,False,False,False,True,False,False,False,True,False,1
217,42048,79039,normal,False,True,False,False,False,False,True,True,False,False,1
998,26118,29790,normal,True,False,False,True,False,False,False,False,False,True,1
792,1630,59402,normal,False,True,False,False,True,False,False,True,False,False,1
167,52333,88865,normal,False,False,True,False,False,False,True,False,True,False,1
853,64,9792,anomaly,False,False,True,False,False,True,False,False,False,True,0
47,30702,8989,normal,False,True,False,False,True,False,False,False,False,True,1
852,33811,97081,normal,False,True,False,False,False,True,False,True,False,False,1
935,93510,46538,normal,False,False,True,False,True,False,False,False,True,False,1
701,62320,89759,normal,True,False,False,False,False,False,True,True,False,False,1
231,95334,34152,normal,False,False,True,True,False,False,False,False,False,True,1
738,31547,21362,normal,False,False,True,False,False,False,True,False,True,False,1
189,99452,58024,normal,False,False,True,True,False,False,False,False,False,True,1
585,24688,39091,normal,True,False,False,False,False,False,True,False,True,False,1
132,72403,23417,normal,False,True,False,False,False,True,False,False,True,False,1
343,63410,11381,normal,False,False,True,False,False,True,False,True,False,False,1
655,66021,46966,normal,False,True,False,False,False,False,True,False,True,False,1
114,35207,19139,normal,False,True,False,True,False,False,False,True,False,False,1
374,78704,92448,normal,False,False,True,False,False,False,True,True,False,False,1
742,27476,64188,normal,False,True,False,False,True,False,False,False,False,True,1
742,11540,48303,anomaly,True,False,False,False,False,True,False,False,False,True,1
661,54673,69147,normal,False,True,False,False,False,False,True,False,False,True,1
832,36447,67991,normal,True,False,False,True,False,False,False,True,False,False,1
183,57502,55190,normal,False,True,False,False,False,False,True,False,True,False,1
176,92322,45385,normal,True,False,False,False,False,True,False,True,False,False,1
771,57751,18605,normal,False,False,True,False,False,True,False,False,True,False,1
291,56375,94547,normal,True,False,False,False,True,False,False,False,False,True,1
453,12487,28455,normal,False,False,True,True,False,False,False,True,False,False,1
249,73942,41523,anomaly,False,True,False,False,False,True,False,False,False,True,1
649,44680,12429,normal,False,False,True,False,True,False,False,False,True,False,1
136,41168,43513,normal,False,True,False,False,False,False,True,True,False,False,1
132,73942,81269,normal,False,False,True,False,False,True,False,False,False,True,1
828,41789,55255,normal,False,True,False,False,False,False,True,False,False,True,1
254,13434,78012,normal,False,False,True,False,False,False,True,False,False,True,1
591,28280,21095,normal,False,False,True,False,False,False,True,False,True,False,1
277,11160,11274,normal,True,False,False,False,False,True,False,False,False,True,1
10,78713,85102,anomaly,False,True,False,True,False,False,False,False,False,True,1
146,99582,98541,normal,False,False,True,False,False,False,True,False,True,False,1
29,63206,46487,normal,False,False,True,False,True,False,False,True,False,False,1
664,92002,976,normal,True,False,False,True,False,False,False,True,False,False,1
823,41371,1064,normal,False,True,False,True,False,False,False,False,False,True,1
417,7310,13011,normal,False,False,True,False,False,True,False,False,False,True,1
539,25926,47943,normal,False,True,False,False,False,False,True,False,True,False,1
853,87223,17429,normal,False,True,False,True,False,False,False,False,False,True,1
933,79222,58019,normal,False,True,False,True,False,False,False,True,False,False,1
200,56672,90795,normal,False,False,True,False,True,False,False,False,True,False,1
246,20664,28720,normal,True,False,False,False,True,False,False,True,False,False,1
403,3902,31707,normal,False,True,False,False,False,True,False,False,False,True,1
309,4539,8333,normal,False,True,False,True,False,False,False,False,True,False,1
204,82318,10551,normal,False,True,False,False,False,True,False,False,False,True,1
972,67792,38721,anomaly,True,False,False,False,True,False,False,False,False,True,1
421,65562,57097,normal,False,True,False,False,True,False,False,False,True,False,1
382,616,54713,normal,False,False,True,False,True,False,False,False,False,True,1
144,58911,85562,normal,False,True,False,False,False,False,True,False,False,True,1
119,14292,87510,normal,False,False,True,False,True,False,False,False,False,True,1
330,17802,34057,normal,False,True,False,False,True,False,False,True,False,False,1
847,50022,54759,normal,True,False,False,False,True,False,False,False,False,True,1
75,41358,25271,normal,True,False,False,True,False,False,False,False,False,True,1
833,93499,46203,normal,True,False,False,False,False,True,False,False,False,True,1
200,60263,55396,anomaly,False,False,True,False,False,True,False,False,False,True,1
558,93128,86830,normal,False,False,True,True,False,False,False,True,False,False,1
474,41414,42035,normal,False,True,False,False,False,True,False,False,True,False,1
530,66090,81123,normal,True,False,False,False,False,False,True,False,True,False,1
694,23939,79563,normal,False,True,False,False,False,True,False,False,False,True,1
45,84243,14736,anomaly,True,False,False,True,False,False,False,True,False,False,1
100,95020,30562,anomaly,False,True,False,False,True,False,False,False,True,False,1
679,22963,28230,normal,True,False,False,False,True,False,False,True,False,False,1
209,82711,81680,normal,False,True,False,False,False,True,False,False,False,True,1
896,2558,97582,normal,False,True,False,True,False,False,False,False,False,True,1
802,10770,70780,normal,True,False,False,False,False,False,True,False,False,True,1
713,92164,39104,normal,False,True,False,True,False,False,False,True,False,False,1
618,29173,38633,normal,False,True,False,True,False,False,False,False,False,True,1
243,3672,95255,normal,False,True,False,False,False,True,False,False,True,False,1
156,53447,70642,normal,False,True,False,True,False,False,False,True,False,False,1
584,89493,7486,normal,False,True,False,True,False,False,False,True,False,False,1
39,13255,34450,normal,True,False,False,False,True,False,False,False,True,False,1
491,93863,6270,normal,False,True,False,False,False,True,False,True,False,False,1
434,10838,63673,normal,True,False,False,False,False,False,True,False,True,False,1
518,85386,60122,anomaly,False,True,False,False,False,False,True,False,True,False,1
891,18555,73393,normal,False,False,True,False,True,False,False,True,False,False,1
551,70002,64972,normal,False,False,True,False,False,True,False,True,False,False,1
585,62608,79834,normal,True,False,False,False,False,True,False,False,True,False,1
205,40809,24121,normal,False,False,True,False,False,False,True,False,True,False,1
522,58290,25436,normal,True,False,False,False,True,False,False,False,True,False,1
262,11732,73866,normal,False,False,True,False,False,True,False,False,False,True,1
740,86749,58578,anomaly,True,False,False,False,True,False,False,False,True,False,1
192,35226,50845,normal,False,True,False,False,True,False,False,False,False,True,1
804,14232,24,normal,False,True,False,True,False,False,False,False,True,False,1
395,33469,70566,normal,True,False,False,True,False,False,False,False,True,False,1
287,15642,24000,normal,False,True,False,False,False,False,True,False,False,True,1
601,46266,52456,normal,True,False,False,False,False,True,False,True,False,False,1
811,65831,98608,normal,False,True,False,False,False,False,True,False,False,True,1
105,28521,45425,normal,False,False,True,False,True,False,False,True,False,False,1
802,17799,15799,normal,True,False,False,False,True,False,False,False,False,True,1
185,24406,61720,normal,True,False,False,False,False,True,False,False,True,False,1
105,96184,7862,normal,False,False,True,True,False,False,False,False,False,True,1
519,65852,65125,normal,False,True,False,False,False,False,True,False,True,False,1
862,49581,68584,normal,True,False,False,False,False,True,False,False,True,False,1
932,87962,89388,normal,False,False,True,True,False,False,False,False,True,False,1
573,94975,271,normal,True,False,False,False,False,True,False,True,False,False,1
99,68147,33411,normal,False,True,False,False,False,False,True,False,True,False,1
928,13770,95653,normal,True,False,False,True,False,False,False,False,False,True,1
613,29333,79555,anomaly,True,False,False,False,False,False,True,False,False,True,1
799,36812,88036,normal,False,False,True,False,True,False,False,False,False,True,1
318,66977,7129,normal,True,False,False,False,True,False,False,True,False,False,1
493,20084,74527,normal,False,True,False,False,False,True,False,False,False,True,1
822,45077,62672,normal,False,False,True,False,False,True,False,True,False,False,1
766,72812,32044,normal,True,False,False,False,True,False,False,False,True,False,1
389,32289,38905,normal,False,True,False,True,False,False,False,False,True,False,1
181,67914,90221,normal,False,False,True,False,False,False,True,False,True,False,1
605,40942,86039,normal,False,True,False,False,False,True,False,False,False,True,1
145,2139,83919,normal,False,True,False,False,False,False,True,True,False,False,1
904,65572,94276,normal,False,True,False,False,True,False,False,False,False,True,1
37,15229,63023,normal,True,False,False,False,True,False,False,False,False,True,1
206,93581,24764,normal,False,True,False,True,False,False,False,False,False,True,1
18,18348,29843,anomaly,False,True,False,True,False,False,False,True,False,False,1
415,1659,22743,normal,False,True,False,False,False,True,False,False,True,False,1
62,60617,20216,normal,True,False,False,True,False,False,False,False,False,True,1
781,78375,80413,normal,False,False,True,False,False,True,False,False,False,True,1
102,40388,97514,normal,False,True,False,False,True,False,False,False,False,True,1
816,90825,27857,normal,False,True,False,False,True,False,False,False,True,False,1
10,85088,21257,anomaly,True,False,False,False,False,True,False,False,False,True,1
28,29084,7084,normal,True,False,False,True,False,False,False,False,False,True,1
649,34943,90752,normal,False,True,False,True,False,False,False,False,True,False,1
979,80882,51634,normal,True,False,False,False,True,False,False,False,False,True,1
803,32361,42050,normal,False,True,False,False,False,False,True,False,True,False,1
499,15471,72563,normal,True,False,False,False,False,False,True,True,False,False,1
937,58615,61434,normal,False,True,False,True,False,False,False,False,False,True,1
653,31562,48056,normal,False,False,True,True,False,False,False,False,True,False,1
688,80111,79580,anomaly,True,False,False,False,True,False,False,False,True,False,1
3,17561,46014,anomaly,True,False,False,False,False,False,True,False,False,True,0
598,54117,26571,normal,False,False,True,False,True,False,False,True,False,False,1
0,31857,99465,normal,False,True,False,False,False,True,False,True,False,False,1
829,6743,65227,normal,True,False,False,False,False,False,True,False,True,False,1
128,36565,21632,normal,False,False,True,False,False,False,True,False,False,True,1
710,67025,8101,anomaly,False,False,True,True,False,False,False,True,False,False,1
0,39706,11337,normal,True,False,False,False,True,False,False,False,False,True,1
236,16270,22079,normal,False,False,True,False,False,True,False,False,True,False,1
488,60702,59364,normal,True,False,False,False,True,False,False,False,False,True,1
275,63755,56007,normal,True,False,False,False,False,False,True,False,True,False,1
53,71305,30500,normal,True,False,False,False,True,False,False,False,True,False,1
551,87153,23067,normal,False,False,True,False,False,True,False,True,False,False,1
862,42032,47202,normal,False,True,False,True,False,False,False,True,False,False,1
404,26616,97161,normal,True,False,False,False,False,False,True,False,False,True,1
55,39945,42044,normal,False,False,True,False,True,False,False,False,False,True,1
663,32839,61733,normal,False,True,False,False,False,False,True,False,True,False,1
51,2255,10805,normal,False,True,False,False,False,False,True,False,False,True,1
143,17518,72759,normal,True,False,False,False,False,False,True,True,False,False,1
362,80263,76536,normal,True,False,False,False,False,False,True,False,False,True,1
908,65386,57953,normal,True,False,False,False,False,False,True,True,False,False,1
286,6285,83418,normal,False,True,False,True,False,False,False,True,False,False,1
123,39768,28196,normal,True,False,False,True,False,False,False,True,False,False,1
402,63419,27736,normal,False,True,False,False,False,True,False,False,False,True,1
832,35889,3150,normal,True,False,False,False,False,False,True,True,False,False,1
503,95796,51321,normal,False,False,True,True,False,False,False,False,False,True,1
763,40188,44201,normal,True,False,False,False,True,False,False,False,True,False,1
568,58503,91444,normal,False,False,True,False,False,True,False,False,False,True,1
207,58403,50624,normal,False,True,False,True,False,False,False,False,True,False,1
913,6683,24962,normal,True,False,False,False,False,False,True,True,False,False,1
825,27943,4886,normal,False,False,True,False,False,True,False,False,True,False,1
432,14003,96673,normal,False,True,False,False,False,True,False,True,False,False,1
948,40823,85418,normal,False,True,False,True,False,False,False,False,False,True,1
771,70026,6655,normal,False,True,False,False,False,False,True,True,False,False,1
243,50088,7286,normal,True,False,False,False,False,False,True,False,True,False,1
857,62775,34697,normal,True,False,False,False,False,True,False,True,False,False,1
457,24114,30609,anomaly,True,False,False,False,True,False,False,True,False,False,1
222,50490,57527,normal,False,False,True,True,False,False,False,False,True,False,1
889,8889,29595,normal,False,True,False,False,False,True,False,True,False,False,1
622,96605,76194,normal,False,True,False,True,False,False,False,True,False,False,1
164,58756,72750,normal,True,False,False,False,False,False,True,False,False,True,1
121,53516,54780,anomaly,False,False,True,False,False,False,True,True,False,False,1
139,11189,35845,normal,False,True,False,False,True,False,False,True,False,False,1
404,56147,68013,normal,False,False,True,False,False,False,True,False,False,True,1
322,27164,44119,normal,True,False,False,False,True,False,False,True,False,False,1
973,30671,53481,normal,True,False,False,False,False,True,False,True,False,False,1
528,75213,17455,normal,True,False,False,False,False,True,False,False,False,True,1
218,4123,53828,normal,True,False,False,False,False,True,False,False,False,True,1
441,26532,59090,normal,True,False,False,False,True,False,False,False,True,False,1
928,53146,89912,normal,True,False,False,False,False,True,False,False,False,True,1
483,86454,43423,anomaly,True,False,False,False,False,True,False,False,True,False,1
362,48989,99604,normal,True,False,False,False,False,False,True,False,False,True,1
830,44075,37584,normal,False,False,True,True,False,False,False,True,False,False,1
458,88833,77168,normal,True,False,False,False,False,False,True,True,False,False,1
689,88095,1624,normal,False,False,True,False,False,True,False,False,True,False,1
126,8923,34000,normal,False,True,False,True,False,False,False,False,True,False,1
508,54534,16491,normal,False,True,False,True,False,False,False,True,False,False,1
18,31982,8921,normal,True,False,False,True,False,False,False,False,False,True,1
621,53581,2022,normal,False,False,True,False,False,False,True,False,False,True,1
886,42565,4348,normal,False,False,True,False,True,False,False,True,False,False,1
847,2472,37530,normal,False,False,True,False,False,True,False,True,False,False,1
9,90996,60717,normal,False,True,False,False,False,False,True,False,False,True,1
731,19539,57836,normal,True,False,False,False,False,True,False,False,False,True,1
164,64768,62511,anomaly,False,False,True,False,False,True,False,False,False,True,1
59,96239,37118,anomaly,False,False,True,False,True,False,False,False,True,False,1
99,17003,97155,normal,False,False,True,False,False,True,False,False,False,True,1
339,89753,57348,normal,False,True,False,False,True,False,False,True,False,False,1
380,46960,67628,normal,False,False,True,False,False,True,False,False,False,True,1
929,99465,80418,normal,False,False,True,True,False,False,False,False,False,True,1
316,5738,74849,normal,False,False,True,False,False,True,False,False,False,True,1
727,85856,94071,normal,False,True,False,True,False,False,False,True,False,False,1
509,73350,36561,normal,False,False,True,False,False,True,False,False,False,True,1
872,42011,49984,normal,False,False,True,False,False,False,True,True,False,False,1
86,19873,89010,normal,False,False,True,False,False,True,False,False,False,True,1
268,15929,93157,normal,False,True,False,False,False,False,True,False,True,False,1
257,36916,85876,normal,True,False,False,False,False,False,True,False,False,True,1
111,82313,85564,normal,False,False,True,False,False,True,False,False,False,True,1
529,62835,35761,normal,True,False,False,False,False,True,False,True,False,False,1
268,44425,13052,normal,False,False,True,False,False,False,True,False,True,False,1
973,24554,59410,normal,False,False,True,False,True,False,False,False,True,False,1
553,25769,53185,normal,False,False,True,False,False,False,True,False,True,False,1
387,57111,8097,anomaly,True,False,False,False,False,True,False,False,True,False,1
139,34887,46928,normal,False,True,False,False,False,True,False,False,False,True,1
188,29761,54307,normal,True,False,False,False,False,False,True,False,True,False,1
347,5255,54327,normal,False,False,True,False,False,False,True,False,False,True,1
358,2554,1455,normal,False,True,False,False,False,False,True,False,True,False,1
266,22316,4391,normal,False,True,False,False,True,False,False,False,True,False,1
453,59309,17771,normal,False,False,True,True,False,False,False,True,False,False,1
387,27604,83048,normal,True,False,False,True,False,False,False,False,True,False,1
421,7224,14213,normal,True,False,False,False,True,False,False,False,True,False,1
951,71050,50022,normal,False,False,True,False,False,True,False,True,False,False,1
329,20038,47199,normal,False,True,False,True,False,False,False,True,False,False,1
723,70034,21560,normal,False,True,False,True,False,False,False,False,False,True,1
22,32976,80322,anomaly,True,False,False,False,False,False,True,True,False,False,0
553,14443,56451,normal,True,False,False,False,False,False,True,True,False,False,1
493,97835,33645,normal,False,True,False,False,True,False,False,False,True,False,1
738,37964,79622,normal,True,False,False,True,False,False,False,True,False,False,1
195,94969,43981,normal,False,True,False,False,False,True,False,False,True,False,1
97,28336,53429,anomaly,True,False,False,False,True,False,False,True,False,False,1
923,5276,32963,normal,False,True,False,True,False,False,False,False,False,True,1
542,24593,91141,normal,False,False,True,False,False,False,True,False,True,False,1
263,73245,62076,normal,True,False,False,False,False,False,True,False,True,False,1
338,54146,19212,anomaly,False,True,False,True,False,False,False,False,True,False,1
497,46011,11379,normal,False,False,True,False,False,True,False,True,False,False,1
175,53908,87009,normal,False,False,True,False,False,True,False,False,False,True,1
309,66958,70661,normal,False,True,False,False,True,False,False,True,False,False,1
285,59540,36741,normal,False,True,False,True,False,False,False,True,False,False,1
638,93751,19902,normal,False,False,True,False,False,True,False,False,False,True,1
69,69888,90241,normal,False,False,True,False,False,False,True,False,True,False,1
292,48069,48890,normal,False,True,False,True,False,False,False,False,False,True,1
731,3563,44851,normal,False,True,False,False,True,False,False,False,True,False,1
665,47370,74498,anomaly,True,False,False,False,False,False,True,True,False,False,1
765,52920,46961,anomaly,True,False,False,True,False,False,False,False,True,False,1
595,86436,86460,normal,False,True,False,False,True,False,False,False,False,True,1
378,74172,11226,normal,True,False,False,True,False,False,False,False,False,True,1
260,33615,57184,normal,False,True,False,False,False,True,False,False,True,False,1
205,77225,48168,normal,False,False,True,True,False,False,False,False,True,False,1
218,96951,35793,normal,False,False,True,False,False,False,True,True,False,False,1
288,25723,7577,normal,False,False,True,False,False,True,False,True,False,False,1
705,21863,27020,normal,False,True,False,False,True,False,False,False,False,True,1
849,78802,98275,anomaly,True,False,False,False,False,True,False,False,False,True,1
917,85615,85241,normal,True,False,False,True,False,False,False,True,False,False,1
346,33496,21152,normal,False,False,True,False,False,False,True,False,True,False,1
58,75725,51115,normal,True,False,False,False,False,True,False,True,False,False,1
737,3055,67551,normal,False,True,False,False,True,False,False,False,True,False,1
334,24962,45300,normal,False,True,False,False,False,True,False,False,False,True,1
242,37694,76223,anomaly,True,False,False,False,False,False,True,False,True,False,1
927,82353,56915,normal,True,False,False,False,False,False,True,True,False,False,1
363,51832,34826,normal,True,False,False,False,False,False,True,True,False,False,1
841,78827,20382,normal,False,False,True,False,False,False,True,False,True,False,1
955,17010,70830,normal,True,False,False,False,True,False,False,False,False,True,1
327,63927,79366,normal,False,False,True,False,False,False,True,False,False,True,1
273,15895,36841,anomaly,True,False,False,True,False,False,False,False,False,True,1
571,27284,88051,normal,False,True,False,False,False,False,True,False,False,True,1
133,33762,49472,normal,True,False,False,False,True,False,False,False,False,True,1
589,53835,51683,normal,False,False,True,False,False,True,False,False,False,True,1
917,22007,40418,normal,True,False,False,False,True,False,False,False,True,False,1
811,86353,24661,normal,False,True,False,False,False,False,True,True,False,False,1
705,33077,27716,normal,False,True,False,False,True,False,False,False,False,True,1
192,19495,93103,normal,True,False,False,False,False,False,True,True,False,False,1
593,82727,78035,normal,False,False,True,False,False,True,False,False,False,True,1
404,99262,83557,normal,True,False,False,False,False,False,True,False,False,True,1
252,24795,36727,normal,True,False,False,False,False,True,False,True,False,False,1
